trip_id,driver_id,city,pickup_ts,dropoff_ts,distance_km,fare
T000001,D0091,Kolkata,2026-08-26 12:05:43,2026-08-26 13:31:43,36.45,778.21
T000002,D0119,Pune,2026-08-22 15:21:30,2026-08-22 15:35:30,-8.13,176.55
T000003,D0091,Jaipur,2026-08-13 03:09:23,2026-08-13 03:29:23,20.62,450.59
T000004,D0117,Ahmedabad,2026-08-23 09:07:05,2026-08-23 09:24:05,15.33,328.26
T000005,D0158,Ahmedabad,2026-08-11 18:25:42,2026-08-11 19:06:42,37.74,852.45
T000006,D0130,Hyderabad,2026-08-24 06:58:05,2026-08-24 07:11:05,13.76,290.73
T000007,D0188,Jaipur,2026-08-26 03:13:11,2026-08-26 03:35:11,21.28,456.25
T000008,D0020,Chennai,2026-08-24 17:37:02,2026-08-24 18:08:02,21.45,428.04
T000009,D0016,Pune,2026-08-01 09:48:43,2026-08-01 10:59:43,36.49,796.93
T000010,D0028,Lucknow,2026-08-03 08:59:03,2026-08-03 09:31:03,12.38,276.09
T000011,D0016,Jaipur,2026-08-07 15:02:02,2026-08-07 15:41:02,34.45,709.09
T000012,D0007,Kolkata,2026-08-02 13:08:05,2026-08-02 13:19:05,4.16,79.75
T000013,D0006,Mumbai,2026-08-06 14:14:40,2026-08-06 14:56:40,38.27,545.66
T000014,D0134,Pune,2026-08-13 09:54:01,2026-08-13 10:06:01,6.86,149.53
T000015,D0010,Bangalore,2026-08-19 17:13:00,2026-08-19 17:51:00,24.4,308.95
T000016,D0074,Bangalore,2026-08-17 17:01:23,2026-08-17 18:02:23,37.66,527.06
T000017,D0190,Pune,2026-08-24 17:26:52,2026-08-24 17:32:52,3.17,69.51
T000018,D0122,Bangalore,2026-08-13 19:30:53,2026-08-13 20:17:53,30.72,426.46
T000019,D0115,Chennai,2026-08-05 12:52:53,2026-08-05 13:36:53,27.11,485.95
T000020,D0037,Delhi,2026-08-26 03:50:49,2026-08-26 04:39:49,24.23,534.26
T000021,D0180,Pune,2026-08-13 13:52:09,2026-08-13 14:12:09,11.95,256.43
T000022,D0044,Jaipur,2026-08-07 19:46:30,2026-08-07 20:17:30,27.48,556.16
T000023,D0009,Mumbai,2026-08-23 00:14:15,2026-08-23 00:40:15,26.13,390.66
T000024,D0059,Chennai,2026-08-12 06:51:05,2026-08-12 07:41:05,29.13,519.71
T000025,D0002,Lucknow,2026-08-18 11:13:52,2026-08-18 11:42:52,11.75,245.01
T000026,D0023,Delhi,2026-08-02 17:21:35,2026-08-02 17:56:35,16.62,366.26
T000027,D0056,Chennai,2026-08-05 22:44:06,2026-08-05 22:54:06,5.79,106.71
T000028,D0098,Bangalore,2026-08-26 06:42:06,2026-08-26 07:28:06,27.44,368.5
T000029,D0149,Chennai,2026-08-11 04:49:53,2026-08-11 05:37:53,29.7,579.74
T000030,D0025,Lucknow,2026-08-03 11:41:34,2026-08-03 13:00:34,35.49,748.17
T000031,D0094,Ahmedabad,2026-08-18 18:38:06,2026-08-18 18:41:06,2.74,53.58
T000032,D0027,Hyderabad,2026-08-19 01:40:31,2026-08-19 01:53:31,13.71,273.32
T000033,D0116,Hyderabad,2026-08-10 15:08:33,2026-08-10 15:42:33,33.94,622.01
T000034,D0158,Bangalore,2026-08-20 22:28:13,2026-08-20 23:12:13,26.22,376.87
T000035,D0020,Mumbai,2026-08-01 06:12:28,2026-08-01 06:25:28,12.81,189.84
T000036,D0119,Chennai,2026-08-24 19:24:37,2026-08-24 19:39:37,9.31,177.39
T000037,D0021,Delhi,2026-08-17 17:52:59,2026-08-17 18:29:59,17.01,345.67
T000038,D0007,Lucknow,2026-08-17 05:42:04,2026-08-17 06:40:04,26.36,567.87
T000039,D0092,Lucknow,2026-08-23 20:01:33,2026-08-23 21:14:33,31.53,653.78
T000040,D0123,Ahmedabad,2026-08-07 20:49:13,2026-08-07 21:28:13,32.35,688.42
T000041,D0126,Kolkata,2026-08-24 21:21:47,2026-08-24 22:48:47,-33.77,644.92
T000042,D0022,Lucknow,2026-08-13 14:13:44,2026-08-13 15:06:44,22.85,492.88
T000043,D0038,Lucknow,2026-08-28 22:47:54,2026-08-28 23:01:54,5.65,128.87
T000044,D0166,Kolkata,2026-08-04 05:52:24,2026-08-04 07:06:24,32.35,676.52
T000045,D0175,Bangalore,2026-08-07 05:43:50,2026-08-07 06:49:50,39.01,541.86
T000046,D0194,Pune,2026-08-22 07:17:32,2026-08-22 07:33:32,8.56,165.96
T000047,D0044,Kolkata,2026-08-05 16:01:41,2026-08-05 16:39:41,14.5,293.45
T000048,D0092,Delhi,2026-08-23 09:02:06,2026-08-23 10:22:06,38.0,897.98
T000049,D0099,Lucknow,2026-08-08 00:39:48,2026-08-08 01:25:48,19.73,434.62
T000050,D0182,Delhi,2026-08-20 01:42:39,2026-08-20 02:25:39,21.39,461.3
T000051,D0169,Kolkata,2026-08-23 22:30:05,2026-08-23 23:09:05,15.68,329.93
T000052,D0098,Mumbai,2026-08-11 22:08:33,2026-08-11 22:31:33,22.25,322.51
T000053,D0167,Bangalore,2026-08-16 04:35:40,2026-08-16 05:06:40,19.65,282.11
T000054,D0156,Delhi,2026-08-05 14:01:07,2026-08-05 14:06:07,2.65,60.93
T000055,D0197,Kolkata,2026-08-11 11:04:29,2026-08-11 12:40:29,35.62,764.21
T000056,D0157,Chennai,2026-08-14 07:42:37,2026-08-14 08:29:37,30.28,553.32
T000057,D0145,Delhi,2026-08-01 09:53:05,2026-08-01 10:44:05,25.27,528.18
T000058,D0090,Delhi,2026-08-23 16:11:44,2026-08-23 17:04:44,29.08,672.57
T000059,D0152,Bangalore,2026-08-24 13:33:32,2026-08-24 14:09:32,-22.26,271.03
T000060,D0021,Ahmedabad,2026-08-17 06:10:33,2026-08-17 06:31:33,19.45,408.47
T000061,D0104,Lucknow,2026-08-17 21:01:32,2026-08-17 21:21:32,8.6,188.54
T000062,D0173,Hyderabad,2026-08-07 13:08:06,2026-08-07 13:12:06,4.06,90.5
T000063,D0094,Hyderabad,2026-08-08 13:34:34,2026-08-08 13:36:34,2.4,53.25
T000064,D0174,Bangalore,2026-08-27 02:48:53,2026-08-27 03:44:53,34.3,430.34
T000065,D0078,Hyderabad,2026-08-25 04:32:09,2026-08-25 05:00:09,26.66,545.16
T000066,D0080,Mumbai,2026-08-13 12:34:17,2026-08-13 13:08:17,33.33,467.67
T000067,D0101,Kolkata,2026-08-26 03:36:44,2026-08-26 05:08:44,33.95,703.4
T000068,D0023,Lucknow,2026-08-26 18:02:15,2026-08-26 19:31:15,34.23,710.72
T000069,D0072,Hyderabad,2026-08-02 23:44:05,2026-08-02 23:55:05,10.85,208.37
T000070,D0094,Bangalore,2026-08-06 10:23:16,2026-08-06 10:33:16,6.25,81.33
T000071,D0128,Chennai,2026-08-16 10:57:10,2026-08-16 10:57:10,15.53,294.14
T000072,D0164,Ahmedabad,2026-08-15 04:11:22,2026-08-15 04:35:22,19.52,431.28
T000073,D0049,Chennai,2026-08-14 06:06:28,2026-08-14 06:31:28,14.4,265.74
T000074,D0141,Pune,2026-08-09 23:55:48,2026-08-10 00:22:48,15.53,306.09
T000075,D0185,Kolkata,2026-08-20 10:20:12,2026-08-20 11:37:12,32.72,631.35
T000076,D0103,Lucknow,2026-08-25 09:34:43,2026-08-25 10:29:43,24.07,481.37
T000077,D0102,Hyderabad,2026-08-26 19:45:15,2026-08-26 20:11:15,25.65,506.69
T000078,D0023,Ahmedabad,2026-08-09 11:37:36,2026-08-09 11:50:36,11.8,246.83
T000079,D0090,Delhi,2026-08-16 06:51:39,2026-08-16 08:14:39,38.51,766.71
T000080,D0167,Delhi,2026-08-18 10:28:08,2026-08-18 10:37:08,4.93,113.42
T000081,D0100,Kolkata,2026-08-01 09:46:13,2026-08-01 10:45:13,22.62,486.94
T000082,D0052,Jaipur,2026-08-14 19:38:42,2026-08-14 19:58:42,19.82,420.89
T000083,D0037,Ahmedabad,2026-08-05 14:44:09,2026-08-05 15:26:09,38.89,795.49
T000084,D0062,Kolkata,2026-08-18 11:54:37,2026-08-18 12:23:37,11.51,220.5
T000085,D0016,Lucknow,2026-08-03 06:35:13,2026-08-03 07:12:13,14.79,323.23
T000086,D0034,Delhi,2026-08-09 14:46:16,2026-08-09 15:55:16,34.33,796.81
T000087,D0182,Pune,2026-08-26 09:19:39,2026-08-26 10:06:39,23.92,512.79
T000088,D0126,Lucknow,2026-08-20 03:42:41,2026-08-20 04:10:41,10.65,232.7
T000089,D0131,Lucknow,2026-08-16 09:08:38,2026-08-16 10:01:38,22.7,432.32
T000090,D0106,Jaipur,2026-08-25 01:32:38,2026-08-25 02:12:38,39.58,856.9
T000091,D0152,Kolkata,2026-08-26 11:23:51,2026-08-26 12:07:51,19.2,383.7
T000092,D0020,Delhi,2026-08-06 18:00:26,2026-08-06 19:12:26,37.62,895.72
T000093,D0172,Kolkata,2026-08-15 20:17:41,2026-08-15 21:03:41,19.39,371.97
T000094,D0024,Pune,2026-08-11 17:00:19,2026-08-11 17:17:19,,184.7
T000095,D0124,Pune,2026-08-23 14:15:45,2026-08-23 14:22:45,-3.89,76.8
T000096,D0013,Delhi,2026-08-28 03:00:36,2026-08-28 03:06:36,3.15,69.83
T000097,D0175,Chennai,2026-08-27 12:19:02,2026-08-27 13:14:02,36.91,722.12
T000098,D0030,Jaipur,2026-08-12 13:51:18,2026-08-12 13:59:18,7.32,148.15
T000099,D0161,Chennai,2026-08-06 06:06:12,2026-08-06 06:35:12,,392.96
T000100,D0184,Kolkata,2026-08-17 08:19:54,2026-08-17 09:18:54,25.66,559.69
T000101,D0039,Jaipur,2026-08-25 14:47:59,2026-08-25 15:20:59,31.68,693.67
T000102,D0110,Chennai,2026-08-09 10:06:28,2026-08-09 10:33:28,16.34,313.82
T000103,D0026,Delhi,2026-08-20 07:53:06,2026-08-20 08:22:06,13.92,281.5
T000104,D0059,Ahmedabad,2026-08-14 05:20:09,2026-08-14 05:34:09,12.81,297.58
T000105,D0142,Kolkata,2026-08-07 16:19:55,2026-08-07 17:28:55,28.56,522.25
T000106,D0161,Chennai,2026-08-11 07:23:39,2026-08-11 07:38:39,9.39,188.18
T000107,D0198,Bangalore,2026-08-13 17:50:49,2026-08-13 18:38:49,28.7,348.09
T000108,D0028,Chennai,2026-08-08 00:18:57,2026-08-08 01:01:57,24.73,452.33
T000109,D0176,Delhi,2026-08-27 10:08:01,2026-08-27 11:18:01,36.84,743.86
T000110,D0071,Ahmedabad,2026-08-15 03:57:56,2026-08-15 04:44:56,38.59,788.21
T000111,D0009,Jaipur,2026-08-28 14:51:17,2026-08-28 14:56:17,4.57,103.2
T000112,D0070,Ahmedabad,2026-08-15 10:31:00,2026-08-15 11:05:00,27.05,595.79
T000113,D0152,Bangalore,2026-08-11 09:47:13,2026-08-11 10:18:13,17.91,249.71
T000114,D0115,Jaipur,2026-08-10 18:21:54,2026-08-10 18:42:54,18.33,374.11
T000115,D0149,Ahmedabad,2026-08-17 18:56:39,2026-08-17 19:15:39,16.55,358.42
T000116,D0080,Ahmedabad,2026-08-22 14:23:40,2026-08-22 14:34:40,9.3,199.76
T000117,D0197,Mumbai,2026-08-09 06:33:33,2026-08-09 06:48:33,16.04,217.41
T000118,D0054,Lucknow,2026-08-29 00:07:53,2026-08-29 01:30:53,35.62,710.49
T000119,D0081,Jaipur,2026-08-15 12:33:39,2026-08-15 12:39:39,5.73,113.4
T000120,D0113,Bangalore,2026-08-16 11:35:14,2026-08-16 12:10:14,22.27,306.73
T000121,D0148,Mumbai,2026-08-21 08:34:49,2026-08-21 08:53:49,19.88,259.23
T000122,D0017,Delhi,2026-08-11 07:16:28,2026-08-11 07:31:28,7.72,165.5
T000123,D0061,Lucknow,2026-08-22 17:02:01,2026-08-22 18:28:01,36.75,761.65
T000124,D0052,Delhi,2026-08-28 10:10:02,2026-08-28 10:34:02,13.37,318.97
T000125,D0061,Lucknow,2026-08-17 06:11:37,2026-08-17 07:08:37,24.47,510.03
T000126,D0160,Chennai,2026-08-28 05:48:10,2026-08-28 05:55:10,4.35,78.59
T000127,D0098,Kolkata,2026-08-22 04:06:43,2026-08-22 04:22:43,6.54,129.21
T000128,D0024,Hyderabad,2026-08-11 10:37:27,2026-08-11 10:50:27,11.14,227.18
T000129,D0103,Lucknow,2026-08-27 09:15:41,2026-08-27 10:28:41,27.63,596.88
T000130,D0127,Chennai,2026-08-25 23:38:45,2026-08-25 23:58:45,12.37,234.22
T000131,D0007,Lucknow,2026-08-04 09:53:37,2026-08-04 10:59:37,28.78,563.7
T000132,D0062,Bangalore,2026-08-24 05:32:06,2026-08-24 05:38:06,3.59,45.06
T000133,D0027,Jaipur,2026-08-03 08:36:09,2026-08-03 09:03:09,25.4,604.07
T000134,D0036,Jaipur,2026-08-27 06:09:50,2026-08-27 06:15:50,5.29,114.13
T000135,D0143,Bangalore,2026-08-16 01:47:50,2026-08-16 02:24:50,21.44,259.99
T000136,D0156,Pune,2026-08-17 12:12:26,2026-08-17 13:08:26,28.08,568.22
T000137,D0123,Pune,2026-08-18 15:24:22,2026-08-18 16:18:22,32.21,640.52
T000138,D0112,Hyderabad,2026-08-25 17:25:00,2026-08-25 17:53:00,24.81,457.56
T000139,D0170,Bangalore,2026-08-17 23:07:11,2026-08-17 23:48:11,27.55,383.19
T000140,D0062,Mumbai,2026-08-27 05:31:00,2026-08-27 05:51:00,21.25,285.56
T000141,D0185,Delhi,2026-08-08 21:26:15,2026-08-08 22:22:15,25.32,585.58
T000142,D0064,Pune,2026-08-09 19:21:11,2026-08-09 19:43:11,13.2,249.56
T000143,D0153,Lucknow,2026-08-11 15:50:12,2026-08-11 16:29:12,,331.13
T000144,D0104,Mumbai,2026-08-12 18:41:38,2026-08-12 18:41:38,10.87,133.55
T000145,D0135,Mumbai,2026-08-25 06:46:30,2026-08-25 07:19:30,34.41,442.94
T000146,D0040,Jaipur,2026-08-26 14:51:46,2026-08-26 15:31:46,37.0,854.11
T000147,D0147,Kolkata,2026-08-07 07:01:14,2026-08-07 07:51:14,19.47,430.14
T000148,D0166,Delhi,2026-08-26 01:39:21,2026-08-26 02:39:21,33.09,741.91
T000149,D0038,Ahmedabad,2026-08-08 21:12:04,2026-08-08 21:34:04,20.83,472.06
T000150,D0146,Bangalore,2026-08-13 04:48:02,2026-08-13 05:31:02,28.8,394.62
T000151,D0199,Hyderabad,2026-08-22 11:24:40,2026-08-22 11:46:40,19.86,397.79
T000152,D0160,Chennai,2026-08-18 03:31:24,2026-08-18 04:15:24,30.53,632.78
T000153,D0141,Bangalore,2026-08-21 16:56:21,2026-08-21 17:17:21,13.49,196.89
T000154,D0117,Ahmedabad,2026-08-28 14:50:21,2026-08-28 15:04:21,11.94,251.06
T000155,D0143,Pune,2026-08-26 08:07:19,2026-08-26 09:10:19,34.19,735.11
T000156,D0108,Jaipur,2026-08-08 17:51:37,2026-08-08 18:10:37,19.51,447.98
T000157,D0169,Mumbai,2026-08-25 12:48:23,2026-08-25 13:17:23,28.01,417.76
T000158,D0024,Kolkata,2026-08-06 16:30:40,2026-08-06 17:16:40,18.44,373.71
T000159,D0093,Kolkata,2026-08-22 23:15:17,2026-08-23 00:15:17,25.42,533.11
T000160,D0045,Jaipur,2026-08-17 22:22:47,2026-08-17 22:31:47,8.29,195.48
T000161,D0105,Kolkata,2026-08-22 21:37:44,2026-08-22 22:24:44,20.96,449.05
T000162,D0068,Hyderabad,2026-08-16 04:11:51,2026-08-16 04:36:51,23.67,494.42
T000163,D0030,Pune,2026-08-01 13:25:17,2026-08-01 14:00:17,17.23,355.49
T000164,D0192,Bangalore,2026-08-18 14:17:08,2026-08-18 14:41:08,14.26,186.58
T000165,D0061,Pune,2026-08-04 21:43:46,2026-08-04 22:23:46,22.02,469.47
T000166,D0036,Ahmedabad,2026-08-05 14:02:27,2026-08-05 14:31:27,24.92,506.75
T000167,D0002,Bangalore,2026-08-01 10:57:46,2026-08-01 11:21:46,14.53,209.16
T000168,D0086,Ahmedabad,2026-08-28 22:01:55,2026-08-28 22:12:55,9.74,199.08
T000169,D0072,Hyderabad,2026-08-19 23:55:48,2026-08-20 00:19:48,23.59,
T000170,D0096,Mumbai,2026-08-25 10:50:45,2026-08-25 11:00:45,10.12,134.14
T000171,D0054,Delhi,2026-08-12 18:08:28,2026-08-12 18:51:28,22.49,506.75
T000172,D0131,Lucknow,2026-08-23 17:45:51,2026-08-23 18:10:51,11.05,233.23
T000173,D0047,Delhi,2026-08-01 01:48:56,2026-08-01 02:23:56,17.42,372.38
T000174,D0188,Chennai,2026-08-30 11:23:37,2026-08-30 12:18:37,37.15,740.17
T000175,D0117,Delhi,2026-08-11 04:38:31,2026-08-11 06:02:31,39.74,894.83
T000176,D0093,Chennai,2026-08-09 23:24:27,2026-08-09 23:43:27,12.37,217.87
T000177,D0020,Mumbai,2026-08-15 19:10:39,2026-08-15 19:13:39,3.36,44.71
T000178,D0165,Ahmedabad,2026-08-09 12:52:41,2026-08-09 13:00:41,7.43,165.79
T000179,D0135,Mumbai,2026-08-13 22:59:32,2026-08-13 23:07:32,7.62,95.04
T000180,D0020,Hyderabad,2026-08-14 21:46:36,2026-08-14 22:24:36,36.8,755.75
T000181,D0011,Kolkata,2026-08-07 02:24:04,2026-08-07 02:47:04,9.08,198.82
T000182,D0159,Pune,2026-08-23 07:05:13,2026-08-23 08:07:13,31.77,625.53
T000183,D0040,Pune,2026-08-15 21:18:23,2026-08-15 22:16:23,32.57,725.56
T000184,D0019,Chennai,2026-08-02 09:34:30,2026-08-02 09:58:30,-14.28,271.04
T000185,D0191,Jaipur,2026-08-30 19:30:39,2026-08-30 19:30:39,7.16,154.05
T000186,D0164,Chennai,2026-08-16 01:27:07,2026-08-16 02:07:07,23.02,405.05
T000187,D0189,Delhi,2026-08-04 13:46:13,2026-08-04 14:52:13,34.72,707.87
T000188,D0017,Ahmedabad,2026-08-21 06:03:46,2026-08-21 06:35:46,27.72,562.74
T000189,D0183,Delhi,2026-08-06 13:49:52,2026-08-06 13:54:52,2.26,46.13
T000190,D0034,Delhi,2026-08-15 14:17:23,2026-08-15 15:17:23,31.49,750.72
T000191,D0086,Mumbai,2026-08-12 02:27:09,2026-08-12 02:49:09,23.72,
T000192,D0010,Mumbai,2026-08-10 01:34:56,2026-08-10 02:03:56,27.36,384.14
T000193,D0048,Pune,2026-08-21 20:03:02,2026-08-21 21:09:02,37.17,749.88
T000194,D0097,Jaipur,2026-08-06 16:59:55,2026-08-06 17:31:55,26.96,610.77
T000195,D0158,Delhi,2026-08-21 10:34:17,2026-08-21 11:33:17,31.11,702.2
T000196,D0046,Jaipur,2026-08-07 00:22:00,2026-08-07 00:27:00,5.27,120.22
T000197,D0061,Chennai,2026-08-04 12:15:13,2026-08-04 12:52:13,22.41,436.66
T000198,D0028,Ahmedabad,2026-08-20 17:07:31,2026-08-20 17:30:31,19.33,
T000199,D0142,Kolkata,2026-08-01 21:15:16,2026-08-01 22:10:16,23.4,449.47
T000200,D0034,Chennai,2026-08-17 09:34:13,2026-08-17 10:05:13,18.08,328.68
T000201,D0110,Delhi,2026-08-20 00:33:04,2026-08-20 00:50:04,7.74,163.37
T000202,D0009,Ahmedabad,2026-08-01 08:37:07,2026-08-01 08:45:07,6.2,120.64
T000203,D0081,Chennai,2026-08-22 01:30:50,2026-08-22 01:33:50,2.07,39.35
T000204,D0060,Delhi,2026-08-09 11:10:25,2026-08-09 11:35:25,12.2,255.17
T000205,D0099,Jaipur,2026-08-16 00:29:43,2026-08-16 00:44:43,13.74,299.21
T000206,D0148,Hyderabad,2026-08-20 02:29:57,2026-08-20 02:37:57,-8.58,166.95
T000207,D0145,Ahmedabad,2026-08-26 14:08:12,2026-08-26 14:28:12,18.14,387.02
T000208,D0023,Bangalore,2026-08-13 09:37:09,2026-08-13 10:34:09,37.24,492.61
T000209,D0056,Jaipur,2026-08-27 06:23:27,2026-08-27 06:44:27,19.87,404.4
T000210,D0131,Pune,2026-08-06 03:37:23,2026-08-06 04:27:23,29.91,614.44
T000211,D0079,Chennai,2026-08-25 15:24:28,2026-08-25 15:49:28,16.82,351.53
T000212,D0048,Ahmedabad,2026-08-07 20:45:04,2026-08-07 21:23:04,30.64,632.22
T000213,D0140,Chennai,2026-08-27 20:09:14,2026-08-27 20:15:14,3.62,76.11
T000214,D0052,Hyderabad,2026-08-12 07:19:34,2026-08-12 07:59:34,39.9,
T000215,D0068,Lucknow,2026-08-12 02:40:36,2026-08-12 03:33:36,21.07,417.68
T000216,D0184,Delhi,2026-08-02 05:45:39,2026-08-02 06:33:39,26.55,585.09
T000217,D0075,Bangalore,2026-08-03 17:07:24,2026-08-03 18:03:24,31.76,408.59
T000218,D0066,Bangalore,2026-08-23 16:37:44,2026-08-23 17:02:44,14.74,185.06
T000219,D0083,Ahmedabad,2026-08-13 19:54:30,2026-08-13 20:23:30,27.67,532.74
T000220,D0124,Bangalore,2026-08-21 06:52:15,2026-08-21 07:39:15,26.81,371.07
T000221,D0045,Delhi,2026-08-21 11:39:13,2026-08-21 12:38:13,28.39,643.76
T000222,D0040,Bangalore,2026-08-21 08:26:39,2026-08-21 09:31:39,36.13,484.83
T000223,D0195,Bangalore,2026-08-02 11:23:56,2026-08-02 11:47:56,15.91,218.61
T000224,D0177,Jaipur,2026-08-24 02:48:30,2026-08-24 03:07:30,18.37,423.31
T000225,D0185,Lucknow,2026-08-17 00:15:31,2026-08-17 00:31:31,5.92,115.57
T000226,D0005,Jaipur,2026-08-26 14:04:02,2026-08-26 14:08:02,3.16,65.66
T000227,D0171,Lucknow,2026-08-01 23:05:41,2026-08-02 00:28:41,37.33,713.39
T000228,D0159,Delhi,2026-08-20 23:31:50,2026-08-20 23:36:50,2.34,47.98
T000229,D0150,Kolkata,2026-08-27 09:28:59,2026-08-27 10:54:59,35.01,650.3
T000230,D0046,Chennai,2026-08-03 06:57:28,2026-08-03 07:13:28,10.21,206.0
T000231,D0062,Lucknow,2026-08-01 00:38:53,2026-08-01 01:00:53,8.48,165.35
T000232,D0034,Hyderabad,2026-08-17 00:40:18,2026-08-17 01:08:18,28.27,539.85
T000233,D0054,Lucknow,2026-08-13 02:25:21,2026-08-13 04:03:21,39.58,852.55
T000234,D0145,Chennai,2026-08-19 18:47:34,2026-08-19 19:09:34,12.78,264.77
T000235,D0170,Hyderabad,2026-08-19 00:53:20,2026-08-19 01:06:20,13.1,290.33
T000236,D0036,Bangalore,2026-08-16 01:44:35,2026-08-16 02:43:35,39.07,521.08
T000237,D0153,Lucknow,2026-08-28 12:02:05,2026-08-28 12:36:05,15.47,328.85
T000238,D0160,Kolkata,2026-08-05 19:34:45,2026-08-05 21:15:45,38.17,786.41
T000239,D0039,Delhi,2026-08-04 03:09:03,2026-08-04 03:47:03,19.54,427.84
T000240,D0052,Kolkata,2026-08-10 05:35:16,2026-08-10 06:25:16,20.22,378.28
T000241,D0067,Mumbai,2026-08-17 09:43:07,2026-08-17 09:58:07,14.96,193.63
T000242,D0002,Ahmedabad,2026-08-16 19:16:06,2026-08-16 19:57:06,37.12,837.41
T000243,D0195,Mumbai,2026-08-11 01:12:34,2026-08-11 01:24:34,13.16,195.07
T000244,D0100,Chennai,2026-08-11 00:22:32,2026-08-11 00:41:32,11.21,197.66
T000245,D0007,Mumbai,2026-08-21 04:24:47,2026-08-21 04:24:47,23.41,327.23
T000246,D0058,Bangalore,2026-08-09 09:28:32,2026-08-09 09:38:32,6.72,84.23
T000247,D0198,Mumbai,2026-08-14 13:10:12,2026-08-14 13:31:12,21.74,282.61
T000248,D0175,Delhi,2026-08-29 22:44:09,2026-08-29 23:10:09,13.47,271.64
T000249,D0118,Bangalore,2026-08-01 07:09:20,2026-08-01 07:51:20,27.39,387.24
T000250,D0059,Ahmedabad,2026-08-01 20:30:52,2026-08-01 21:00:52,26.49,599.05
T000251,D0030,Pune,2026-08-04 11:44:33,2026-08-04 12:04:33,11.13,244.83
T000252,D0127,Delhi,2026-08-10 09:59:17,2026-08-10 10:08:17,5.21,109.43
T000253,D0057,Mumbai,2026-08-14 06:09:32,2026-08-14 06:35:32,24.65,324.2
T000254,D0101,Lucknow,2026-08-11 21:39:22,2026-08-11 22:02:22,9.51,182.0
T000255,D0171,Pune,2026-08-03 21:48:34,2026-08-03 22:24:34,19.45,423.24
T000256,D0015,Chennai,2026-08-27 20:00:06,2026-08-27 20:27:06,17.49,365.4
T000257,D0108,Jaipur,2026-08-20 13:41:31,2026-08-20 13:54:31,12.21,256.27
T000258,D0008,Chennai,2026-08-09 00:03:22,2026-08-09 01:02:22,35.47,638.06
T000259,D0188,Hyderabad,2026-08-26 23:56:19,2026-08-27 00:27:19,28.6,572.53
T000260,D0010,Bangalore,2026-08-07 14:27:26,2026-08-07 15:19:26,28.85,
T000261,D0090,Hyderabad,2026-08-27 03:20:43,2026-08-27 03:55:43,31.05,629.81
T000262,D0107,Mumbai,2026-08-22 00:41:08,2026-08-22 01:19:08,39.75,505.43
T000263,D0058,Hyderabad,2026-08-12 21:32:32,2026-08-12 21:34:32,2.15,41.59
T000264,D0195,Chennai,2026-08-24 09:56:28,2026-08-24 10:49:28,35.5,684.7
T000265,D0136,Bangalore,2026-08-02 20:52:48,2026-08-02 21:13:48,13.77,188.15
T000266,D0044,Chennai,2026-08-21 14:31:20,2026-08-21 14:40:20,5.75,119.38
T000267,D0032,Jaipur,2026-08-09 10:19:53,2026-08-09 10:32:53,13.38,304.98
T000268,D0191,Jaipur,2026-08-10 01:41:52,2026-08-10 01:44:52,3.05,60.7
T000269,D0153,Lucknow,2026-08-14 06:29:16,2026-08-14 07:33:16,25.85,587.29
T000270,D0088,Lucknow,2026-08-07 07:01:46,2026-08-07 07:13:46,4.56,96.22
T000271,D0013,Pune,2026-08-03 15:17:59,2026-08-03 16:18:59,35.89,803.2
T000272,D0155,Chennai,2026-08-18 13:04:42,2026-08-18 13:10:42,4.33,84.09
T000273,D0136,Delhi,2026-08-03 07:58:56,2026-08-03 08:48:56,24.57,520.91
T000274,D0128,Jaipur,2026-08-12 22:37:11,2026-08-12 22:43:11,5.98,124.17
T000275,D0158,Hyderabad,2026-08-23 14:14:09,2026-08-23 14:47:09,29.68,608.35
T000276,D0110,Bangalore,2026-08-30 04:26:27,2026-08-30 05:12:27,30.06,393.48
T000277,D0002,Kolkata,2026-08-30 17:46:50,2026-08-30 18:34:50,19.43,385.64
T000278,D0056,Hyderabad,2026-08-02 08:39:53,2026-08-02 08:42:53,2.66,55.55
T000279,D0087,Chennai,2026-08-05 11:25:07,2026-08-05 11:25:07,35.72,667.06
T000280,D0169,Bangalore,2026-08-06 09:23:04,2026-08-06 09:47:04,15.04,187.74
T000281,D0138,Delhi,2026-08-13 10:36:53,2026-08-13 11:00:53,11.99,282.57
T000282,D0143,Hyderabad,2026-08-15 06:33:10,2026-08-15 06:58:10,23.51,485.46
T000283,D0134,Ahmedabad,2026-08-21 23:39:56,2026-08-22 00:20:56,32.86,637.18
T000284,D0149,Delhi,2026-08-06 04:04:03,2026-08-06 04:32:03,14.19,335.2
T000285,D0124,Mumbai,2026-08-21 01:27:48,2026-08-21 01:44:48,17.26,257.57
T000286,D0192,Bangalore,2026-08-27 13:38:30,2026-08-27 14:12:30,20.9,285.99
T000287,D0068,Chennai,2026-08-30 10:13:37,2026-08-30 11:12:37,33.48,695.47
T000288,D0200,Bangalore,2026-08-15 04:06:17,2026-08-15 04:56:17,32.89,452.4
T000289,D0130,Hyderabad,2026-08-20 06:35:58,2026-08-20 07:03:58,28.72,574.73
T000290,D0074,Hyderabad,2026-08-30 09:42:21,2026-08-30 10:00:21,16.27,
T000291,D0146,Bangalore,2026-08-10 15:48:36,2026-08-10 15:53:36,2.83,39.89
T000292,D0027,Chennai,2026-08-17 08:18:30,2026-08-17 09:14:30,35.75,629.65
T000293,D0052,Chennai,2026-08-20 23:44:58,2026-08-21 00:28:58,27.0,487.8
T000294,D0019,Kolkata,2026-08-02 12:47:49,2026-08-02 13:56:49,27.57,546.7
T000295,D0119,Chennai,2026-08-22 23:30:55,2026-08-23 00:28:55,38.01,760.97
T000296,D0110,Kolkata,2026-08-24 06:05:09,2026-08-24 07:12:09,28.84,630.29
T000297,D0054,Ahmedabad,2026-08-12 12:13:18,2026-08-12 12:41:18,25.94,564.04
T000298,D0081,Ahmedabad,2026-08-19 06:47:37,2026-08-19 06:50:37,3.07,70.32
T000299,D0025,Chennai,2026-08-28 20:07:04,2026-08-28 21:04:04,36.94,654.69
T000300,D0051,Delhi,2026-08-09 07:26:37,2026-08-09 07:54:37,15.01,311.82
T000301,D0194,Mumbai,2026-08-05 23:44:28,2026-08-06 00:05:28,21.03,277.38
T000302,D0123,Delhi,2026-08-10 04:17:31,2026-08-10 04:39:31,10.71,234.81
T000303,D0008,Ahmedabad,2026-08-25 21:08:15,2026-08-25 21:24:15,14.89,312.45
T000304,D0083,Kolkata,2026-08-26 17:17:21,2026-08-26 17:56:21,17.14,327.34
T000305,D0165,Jaipur,2026-08-21 03:16:21,2026-08-21 03:16:21,12.81,267.32
T000306,D0134,Kolkata,2026-08-02 13:14:18,2026-08-02 13:35:18,8.08,173.36
T000307,D0070,Lucknow,2026-08-11 12:45:55,2026-08-11 13:44:55,24.17,505.53
T000308,D0020,Delhi,2026-08-16 00:08:36,2026-08-16 00:52:36,24.04,543.04
T000309,D0002,Bangalore,2026-08-26 21:50:26,2026-08-26 22:34:26,28.4,399.08
T000310,D0044,Jaipur,2026-08-10 17:16:03,2026-08-10 18:03:03,39.75,894.03
T000311,D0083,Kolkata,2026-08-09 17:27:53,2026-08-09 18:25:53,24.76,535.88
T000312,D0197,Delhi,2026-08-29 06:31:29,2026-08-29 07:54:29,37.84,835.79
T000313,D0064,Ahmedabad,2026-08-01 23:11:47,2026-08-01 23:29:47,16.46,376.28
T000314,D0025,Mumbai,2026-08-23 01:49:25,2026-08-23 01:59:25,10.02,131.27
T000315,D0098,Hyderabad,2026-08-22 01:39:33,2026-08-22 01:45:33,5.66,107.98
T000316,D0167,Chennai,2026-08-21 10:37:12,2026-08-21 11:16:12,23.55,456.9
T000317,D0186,Chennai,2026-08-04 12:25:20,2026-08-04 12:36:20,,136.85
T000318,D0047,Chennai,2026-08-11 11:40:05,2026-08-11 12:05:05,15.56,321.89
T000319,D0135,Ahmedabad,2026-08-25 11:15:49,2026-08-25 11:29:49,12.51,243.09
T000320,D0063,Jaipur,2026-08-08 03:32:07,2026-08-08 03:48:07,14.49,337.38
T000321,D0112,Kolkata,2026-08-22 01:30:20,2026-08-22 02:01:20,12.96,269.93
T000322,D0150,Jaipur,2026-08-23 06:48:40,2026-08-23 07:27:40,39.99,844.35
T000323,D0096,Mumbai,2026-08-08 05:15:27,2026-08-08 05:51:27,37.75,504.85
T000324,D0191,Bangalore,2026-08-20 19:11:20,2026-08-20 20:10:20,38.96,569.13
T000325,D0179,Mumbai,2026-08-05 04:42:11,2026-08-05 05:03:11,20.93,259.47
T000326,D0157,Delhi,2026-08-13 02:24:01,2026-08-13 03:25:01,30.12,706.54
T000327,D0143,Pune,2026-08-30 00:04:25,2026-08-30 00:24:25,11.54,251.04
T000328,D0136,Ahmedabad,2026-08-29 11:39:58,2026-08-29 12:16:58,31.92,708.26
T000329,D0027,Lucknow,2026-08-08 04:31:51,2026-08-08 04:52:51,9.25,197.14
T000330,D0045,Bangalore,2026-08-03 08:47:44,2026-08-03 09:17:44,17.94,254.45
T000331,D0155,Pune,2026-08-19 07:31:59,2026-08-19 07:45:59,6.91,141.11
T000332,D0029,Delhi,2026-08-10 01:11:44,2026-08-10 02:16:44,31.28,638.31
T000333,D0062,Delhi,2026-08-11 03:29:18,2026-08-11 03:50:18,10.13,215.7
T000334,D0039,Pune,2026-08-03 00:56:58,2026-08-03 01:32:58,21.17,455.77
T000335,D0061,Pune,2026-08-02 21:28:41,2026-08-02 22:10:41,21.9,422.3
T000336,D0125,Chennai,2026-08-22 06:07:03,2026-08-22 06:13:03,3.88,72.59
T000337,D0008,Jaipur,2026-08-02 13:46:09,2026-08-02 13:55:09,8.94,178.96
T000338,D0086,Ahmedabad,2026-08-29 20:05:52,2026-08-29 20:08:52,2.73,54.63
T000339,D0155,Lucknow,2026-08-23 20:23:51,2026-08-23 20:37:51,5.93,112.45
T000340,D0081,Jaipur,2026-08-26 23:04:55,2026-08-26 23:17:55,10.59,228.53
T000341,D0157,Lucknow,2026-08-22 05:45:09,2026-08-22 06:31:09,20.15,387.26
T000342,D0018,Hyderabad,2026-08-29 06:11:43,2026-08-29 06:47:43,37.02,
T000343,D0082,Mumbai,2026-08-02 03:01:07,2026-08-02 03:32:07,34.31,490.84
T000344,D0092,Bangalore,2026-08-15 21:12:36,2026-08-15 22:08:36,-31.66,457.69
T000345,D0039,Pune,2026-08-07 20:19:14,2026-08-07 20:29:14,5.51,122.13
T000346,D0041,Lucknow,2026-08-12 20:12:53,2026-08-12 20:17:53,2.25,44.69
T000347,D0118,Bangalore,2026-08-19 14:45:49,2026-08-19 15:13:49,15.3,203.83
T000348,D0065,Delhi,2026-08-29 07:52:55,2026-08-29 08:00:55,4.24,91.36
T000349,D0074,Pune,2026-08-10 00:12:13,2026-08-10 00:54:13,23.5,473.97
T000350,D0004,Hyderabad,2026-08-11 02:02:46,2026-08-11 02:07:46,4.81,97.15
T000351,D0038,Delhi,2026-08-18 15:01:49,2026-08-18 15:31:49,15.75,347.29
T000352,D0068,Lucknow,2026-08-18 02:17:22,2026-08-18 03:25:22,28.77,569.41
T000353,D0192,Delhi,2026-08-02 03:28:08,2026-08-02 04:40:08,33.31,715.55
T000354,D0066,Mumbai,2026-08-25 23:32:18,2026-08-25 23:58:18,25.88,339.88
T000355,D0199,Pune,2026-08-25 00:45:30,2026-08-25 00:51:30,3.38,64.3
T000356,D0143,Ahmedabad,2026-08-07 17:42:06,2026-08-07 17:52:06,8.92,205.23
T000357,D0113,Hyderabad,2026-08-26 09:08:11,2026-08-26 09:45:11,34.26,628.72
T000358,D0005,Bangalore,2026-08-07 15:54:22,2026-08-07 16:11:22,9.6,133.63
T000359,D0165,Chennai,2026-08-27 13:35:08,2026-08-27 14:20:08,,621.34
T000360,D0152,Chennai,2026-08-26 11:39:31,2026-08-26 12:24:31,25.93,525.51
T000361,D0074,Delhi,2026-08-11 00:14:38,2026-08-11 00:55:38,22.23,461.18
T000362,D0153,Ahmedabad,2026-08-04 18:45:32,2026-08-04 18:55:32,7.75,155.89
T000363,D0129,Bangalore,2026-08-03 08:56:24,2026-08-03 09:35:24,23.45,305.18
T000364,D0004,Bangalore,2026-08-17 19:32:13,2026-08-17 20:10:13,25.4,319.76
T000365,D0115,Bangalore,2026-08-17 17:39:28,2026-08-17 18:07:28,17.38,232.18
T000366,D0116,Mumbai,2026-08-23 00:03:07,2026-08-23 00:03:07,2.65,38.42
T000367,D0153,Pune,2026-08-08 16:05:28,2026-08-08 16:38:28,18.8,375.45
T000368,D0079,Pune,2026-08-14 02:12:59,2026-08-14 02:26:59,7.84,165.22
T000369,D0143,Bangalore,2026-08-14 06:11:49,2026-08-14 06:57:49,26.6,383.23
T000370,D0175,Kolkata,2026-08-27 16:57:59,2026-08-27 18:15:59,32.42,599.11
T000371,D0194,Delhi,2026-08-15 18:27:44,2026-08-15 19:15:44,23.45,514.95
T000372,D0138,Lucknow,2026-08-13 17:00:33,2026-08-13 18:08:33,28.03,537.32
T000373,D0187,Lucknow,2026-08-14 01:37:19,2026-08-14 02:07:19,13.37,283.21
T000374,D0163,Lucknow,2026-08-06 01:28:21,2026-08-06 02:54:21,36.25,785.95
T000375,D0052,Bangalore,2026-08-02 07:07:28,2026-08-02 08:13:28,39.01,489.61
T000376,D0096,Ahmedabad,2026-08-28 00:21:53,2026-08-28 00:35:53,12.84,262.57
T000377,D0062,Kolkata,2026-08-17 03:27:30,2026-08-17 03:33:30,2.32,48.29
T000378,D0158,Ahmedabad,2026-08-10 13:02:54,2026-08-10 13:32:54,26.74,586.95
T000379,D0102,Lucknow,2026-08-10 23:32:06,2026-08-10 23:47:06,6.19,129.27
T000380,D0083,Lucknow,2026-08-19 06:19:23,2026-08-19 06:37:23,8.1,180.28
T000381,D0063,Bangalore,2026-08-19 19:40:15,2026-08-19 20:11:15,17.81,228.05
T000382,D0085,Jaipur,2026-08-13 21:12:45,2026-08-13 21:28:45,13.17,261.56
T000383,D0194,Bangalore,2026-08-19 01:35:19,2026-08-19 02:33:19,33.82,470.02
T000384,D0165,Kolkata,2026-08-21 17:23:04,2026-08-21 17:48:04,10.42,213.68
T000385,D0046,Jaipur,2026-08-25 01:39:43,2026-08-25 02:03:43,23.43,538.73
T000386,D0025,Chennai,2026-08-22 00:10:24,2026-08-22 01:04:24,34.66,615.94
T000387,D0161,Mumbai,2026-08-22 01:41:06,2026-08-22 01:55:06,13.46,184.69
T000388,D0004,Jaipur,2026-08-22 05:33:09,2026-08-22 05:39:09,5.23,120.76
T000389,D0175,Ahmedabad,2026-08-05 04:59:09,2026-08-05 05:20:09,17.47,378.0
T000390,D0071,Mumbai,2026-08-17 22:56:12,2026-08-17 23:14:12,,245.7
T000391,D0014,Bangalore,2026-08-10 19:16:14,2026-08-10 20:16:14,-36.18,523.13
T000392,D0044,Delhi,2026-08-29 08:27:46,2026-08-29 09:10:46,21.63,468.16
T000393,D0051,Chennai,2026-08-14 22:05:58,2026-08-14 22:34:58,16.9,350.06
T000394,D0134,Kolkata,2026-08-25 22:39:34,2026-08-25 23:15:34,15.67,315.38
T000395,D0012,Chennai,2026-08-17 16:29:25,2026-08-17 17:28:25,38.36,727.86
T000396,D0199,Mumbai,2026-08-07 05:42:53,2026-08-07 06:11:53,27.7,359.96
T000397,D0079,Mumbai,2026-08-06 13:00:49,2026-08-06 13:25:49,24.49,332.91
T000398,D0048,Hyderabad,2026-08-26 10:56:23,2026-08-26 11:05:23,9.79,215.84
T000399,D0149,Chennai,2026-08-19 22:55:57,2026-08-19 23:44:57,29.54,578.94
T000400,D0080,Lucknow,2026-08-03 16:30:48,2026-08-03 18:03:48,-34.81,693.9
T000401,D0161,Ahmedabad,2026-08-17 23:41:26,2026-08-18 00:15:26,31.43,627.28
T000402,D0119,Lucknow,2026-08-19 13:55:02,2026-08-19 14:15:02,8.32,168.03
T000403,D0127,Kolkata,2026-08-07 16:51:13,2026-08-07 18:01:13,29.52,
T000404,D0161,Bangalore,2026-08-10 18:06:05,2026-08-10 19:03:05,32.99,399.04
T000405,D0186,Bangalore,2026-08-04 07:54:21,2026-08-04 08:39:21,25.07,302.25
T000406,D0022,Delhi,2026-08-25 16:20:53,2026-08-25 17:35:53,36.67,783.03
T000407,D0061,Ahmedabad,2026-08-11 22:28:21,2026-08-11 23:04:21,33.89,779.24
T000408,D0111,Lucknow,2026-08-21 00:25:22,2026-08-21 00:35:22,4.13,81.15
T000409,D0102,Kolkata,2026-08-22 02:46:55,2026-08-22 04:10:55,31.56,674.86
T000410,D0057,Ahmedabad,2026-08-14 14:08:29,2026-08-14 14:46:29,32.36,716.28
T000411,D0025,Chennai,2026-08-06 02:20:02,2026-08-06 02:55:02,22.39,
T000412,D0163,Chennai,2026-08-24 17:17:26,2026-08-24 17:32:26,8.99,189.62
T000413,D0064,Bangalore,2026-08-17 18:56:24,2026-08-17 19:58:24,34.02,493.55
T000414,D0153,Chennai,2026-08-14 22:41:23,2026-08-14 23:32:23,34.9,
T000415,D0041,Jaipur,2026-08-28 20:44:52,2026-08-28 21:07:52,20.33,437.87
T000416,D0087,Mumbai,2026-08-02 15:07:49,2026-08-02 15:17:49,10.31,148.7
T000417,D0039,Delhi,2026-08-04 05:45:22,2026-08-04 06:36:22,24.62,570.52
T000418,D0046,Jaipur,2026-08-26 08:42:59,2026-08-26 08:48:59,6.23,133.05
T000419,D0041,Pune,2026-08-08 07:36:16,2026-08-08 08:17:16,21.94,418.32
T000420,D0071,Mumbai,2026-08-14 13:38:50,2026-08-14 13:56:50,18.67,241.0
T000421,D0133,Delhi,2026-08-10 22:53:25,2026-08-11 00:08:25,39.64,850.38
T000422,D0196,Pune,2026-08-04 15:31:18,2026-08-04 15:56:18,13.39,293.66
T000423,D0172,Bangalore,2026-08-21 18:26:27,2026-08-21 18:46:27,12.88,177.97
T000424,D0157,Hyderabad,2026-08-14 02:36:57,2026-08-14 03:09:57,31.45,580.75
T000425,D0081,Kolkata,2026-08-10 04:39:23,2026-08-10 05:45:23,29.14,577.76
T000426,D0076,Mumbai,2026-08-13 15:10:30,2026-08-13 15:31:30,21.76,274.17
T000427,D0109,Chennai,2026-08-07 16:19:28,2026-08-07 16:27:28,5.47,115.74
T000428,D0122,Delhi,2026-08-08 14:52:39,2026-08-08 14:52:39,30.98,668.41
T000429,D0111,Lucknow,2026-08-19 03:39:56,2026-08-19 05:14:56,35.96,788.62
T000430,D0062,Pune,2026-08-04 05:41:32,2026-08-04 06:28:32,25.29,562.72
T000431,D0136,Jaipur,2026-08-17 08:42:41,2026-08-17 09:19:41,36.63,858.03
T000432,D0194,Ahmedabad,2026-08-12 21:57:02,2026-08-12 22:40:02,36.65,801.41
T000433,D0082,Lucknow,2026-08-01 15:53:19,2026-08-01 17:13:19,33.45,653.52
T000434,D0021,Lucknow,2026-08-15 11:08:23,2026-08-15 12:03:23,22.31,457.03
T000435,D0040,Pune,2026-08-21 12:49:34,2026-08-21 13:35:34,26.81,569.25
T000436,D0152,Mumbai,2026-08-26 10:59:40,2026-08-26 11:09:40,10.15,138.61
T000437,D0138,Chennai,2026-08-22 12:43:54,2026-08-22 13:04:54,13.48,280.0
T000438,D0084,Pune,2026-08-10 07:37:19,2026-08-10 08:32:19,32.1,624.84
T000439,D0126,Jaipur,2026-08-18 23:59:34,2026-08-19 00:14:34,14.68,311.54
T000440,D0110,Delhi,2026-08-29 11:17:30,2026-08-29 12:11:30,28.6,604.03
T000441,D0154,Pune,2026-08-10 03:34:54,2026-08-10 04:27:54,29.62,667.61
T000442,D0194,Chennai,2026-08-26 18:50:54,2026-08-26 19:44:54,34.86,703.28
T000443,D0138,Ahmedabad,2026-08-30 20:30:02,2026-08-30 20:46:02,14.74,337.21
T000444,D0200,Lucknow,2026-08-18 13:07:22,2026-08-18 13:12:22,,43.33
T000445,D0133,Bangalore,2026-08-13 20:18:49,2026-08-13 20:35:49,9.82,140.94
T000446,D0099,Chennai,2026-08-02 17:53:47,2026-08-02 18:25:47,20.77,393.91
T000447,D0030,Lucknow,2026-08-24 06:46:57,2026-08-24 08:07:57,,596.69
T000448,D0026,Chennai,2026-08-08 19:08:16,2026-08-08 19:26:16,10.67,199.87
T000449,D0197,Jaipur,2026-08-07 09:57:36,2026-08-07 10:35:36,35.8,
T000450,D0093,Bangalore,2026-08-23 05:48:12,2026-08-23 06:27:12,24.06,304.0
T000451,D0066,Lucknow,2026-08-28 22:03:08,2026-08-28 23:21:08,35.53,800.47
T000452,D0061,Lucknow,2026-08-10 20:34:03,2026-08-10 21:52:03,32.7,685.86
T000453,D0187,Delhi,2026-08-17 08:23:41,2026-08-17 08:55:41,16.91,389.58
T000454,D0069,Delhi,2026-08-08 21:40:08,2026-08-08 22:35:08,26.21,607.81
T000455,D0020,Chennai,2026-08-20 18:48:30,2026-08-20 19:14:30,16.24,331.1
T000456,D0043,Mumbai,2026-08-08 20:24:50,2026-08-08 20:59:50,37.09,
T000457,D0144,Bangalore,2026-08-23 04:15:15,2026-08-23 04:27:15,7.79,95.24
T000458,D0133,Delhi,2026-08-15 08:46:16,2026-08-15 08:46:16,10.62,246.1
T000459,D0118,Chennai,2026-08-28 23:31:51,2026-08-29 00:06:51,20.84,444.06
T000460,D0048,Lucknow,2026-08-18 20:30:39,2026-08-18 21:05:39,14.2,318.12
T000461,D0117,Mumbai,2026-08-23 03:18:04,2026-08-23 03:21:04,2.56,32.05
T000462,D0084,Delhi,2026-08-08 06:25:51,2026-08-08 07:33:51,32.12,663.91
T000463,D0149,Chennai,2026-08-13 02:31:10,2026-08-13 03:13:10,28.59,560.21
T000464,D0034,Kolkata,2026-08-24 04:04:44,2026-08-24 04:56:44,22.19,463.67
T000465,D0122,Bangalore,2026-08-11 23:28:02,2026-08-11 23:28:02,25.94,337.96
T000466,D0155,Pune,2026-08-16 16:35:46,2026-08-16 16:54:46,10.66,234.64
T000467,D0188,Lucknow,2026-08-27 16:44:16,2026-08-27 17:30:16,21.02,407.67
T000468,D0048,Kolkata,2026-08-11 13:04:19,2026-08-11 13:17:19,5.38,117.66
T000469,D0095,Ahmedabad,2026-08-05 21:56:38,2026-08-05 22:40:38,39.62,756.11
T000470,D0046,Pune,2026-08-20 20:24:51,2026-08-20 20:53:51,14.66,329.56
T000471,D0073,Pune,2026-08-29 22:38:59,2026-08-29 23:37:59,30.96,675.45
T000472,D0058,Jaipur,2026-08-19 11:33:12,2026-08-19 12:04:12,29.33,635.83
T000473,D0030,Mumbai,2026-08-26 13:34:42,2026-08-26 13:56:42,21.44,312.38
T000474,D0162,Mumbai,2026-08-11 11:45:22,2026-08-11 11:59:22,14.71,210.08
T000475,D0048,Ahmedabad,2026-08-13 10:18:30,2026-08-13 10:33:30,13.18,
T000476,D0164,Bangalore,2026-08-06 17:30:25,2026-08-06 18:31:25,36.3,480.15
T000477,D0018,Mumbai,2026-08-18 03:05:38,2026-08-18 03:38:38,34.34,485.93
T000478,D0050,Hyderabad,2026-08-08 06:55:34,2026-08-08 07:24:34,27.47,597.95
T000479,D0018,Ahmedabad,2026-08-14 22:09:48,2026-08-14 22:36:48,23.4,486.62
T000480,D0077,Bangalore,2026-08-24 14:41:04,2026-08-24 15:04:04,12.74,186.6
T000481,D0124,Delhi,2026-08-27 05:49:55,2026-08-27 07:02:55,39.35,836.53
T000482,D0148,Pune,2026-08-11 12:31:38,2026-08-11 13:47:38,-39.52,903.1
T000483,D0109,Jaipur,2026-08-25 15:23:40,2026-08-25 15:39:40,15.3,327.15
T000484,D0073,Hyderabad,2026-08-22 01:30:12,2026-08-22 01:33:12,2.7,50.1
T000485,D0121,Lucknow,2026-08-01 00:40:31,2026-08-01 01:12:31,13.11,271.67
T000486,D0058,Mumbai,2026-08-17 17:13:02,2026-08-17 17:48:02,34.12,484.13
T000487,D0163,Pune,2026-08-06 15:34:17,2026-08-06 16:33:17,33.23,708.76
T000488,D0192,Ahmedabad,2026-08-03 03:06:53,2026-08-03 03:35:53,22.88,463.79
T000489,D0054,Delhi,2026-08-07 03:38:30,2026-08-07 03:45:30,3.89,78.56
T000490,D0019,Bangalore,2026-08-13 07:10:31,2026-08-13 07:46:31,22.33,270.62
T000491,D0109,Mumbai,2026-08-13 13:15:00,2026-08-13 13:32:00,17.9,236.37
T000492,D0038,Mumbai,2026-08-08 16:45:03,2026-08-08 17:22:03,34.19,464.91
T000493,D0097,Ahmedabad,2026-08-28 19:41:21,2026-08-28 19:56:21,13.04,254.25
T000494,D0120,Pune,2026-08-02 21:54:08,2026-08-02 22:50:08,29.55,676.11
T000495,D0114,Bangalore,2026-08-02 11:58:14,2026-08-02 12:29:14,20.44,255.0
T000496,D0021,Jaipur,2026-08-22 03:13:42,2026-08-22 03:55:42,35.47,808.92
T000497,D0063,Ahmedabad,2026-08-02 02:52:15,2026-08-02 03:32:15,36.02,727.79
T000498,D0159,Kolkata,2026-08-05 13:34:28,2026-08-05 14:01:28,11.41,241.04
T000499,D0160,Lucknow,2026-08-06 09:49:30,2026-08-06 10:14:30,9.38,207.03
T000500,D0145,Hyderabad,2026-08-06 21:57:19,2026-08-06 22:20:19,22.53,466.74
T000501,D0167,Bangalore,2026-08-01 17:23:56,2026-08-01 18:14:56,31.24,416.99
T000502,D0011,Kolkata,2026-08-13 09:18:39,2026-08-13 09:44:39,10.27,204.19
T000503,D0181,Kolkata,2026-08-30 23:40:21,2026-08-30 23:54:21,5.37,100.21
T000504,D0153,Hyderabad,2026-08-08 03:57:13,2026-08-08 04:07:13,8.77,165.68
T000505,D0154,Ahmedabad,2026-08-07 07:45:16,2026-08-07 08:11:16,24.14,479.49
T000506,D0058,Lucknow,2026-08-11 04:07:58,2026-08-11 05:43:58,39.16,766.48
T000507,D0098,Pune,2026-08-16 17:56:17,2026-08-16 18:58:17,32.6,722.82
T000508,D0128,Mumbai,2026-08-07 09:38:11,2026-08-07 09:48:11,11.64,155.38
T000509,D0125,Ahmedabad,2026-08-15 17:19:15,2026-08-15 17:25:15,4.79,93.05
T000510,D0101,Mumbai,2026-08-18 12:35:45,2026-08-18 13:00:45,25.11,371.12
T000511,D0099,Lucknow,2026-08-20 07:40:06,2026-08-20 07:53:06,5.5,121.3
T000512,D0125,Chennai,2026-08-04 15:14:37,2026-08-04 16:17:37,,767.76
T000513,D0093,Jaipur,2026-08-29 12:58:56,2026-08-29 13:10:56,10.86,239.94
T000514,D0034,Lucknow,2026-08-01 08:55:25,2026-08-01 10:17:25,36.04,806.66
T000515,D0188,Mumbai,2026-08-17 15:05:02,2026-08-17 15:32:02,29.37,440.35
T000516,D0148,Kolkata,2026-08-04 06:06:45,2026-08-04 07:30:45,34.03,750.68
T000517,D0088,Kolkata,2026-08-20 21:50:31,2026-08-20 23:11:31,33.99,665.58
T000518,D0087,Hyderabad,2026-08-23 22:53:41,2026-08-23 22:53:41,17.81,330.66
T000519,D0044,Mumbai,2026-08-25 11:58:18,2026-08-25 12:02:18,4.36,64.51
T000520,D0054,Delhi,2026-08-18 11:07:15,2026-08-18 11:25:15,-9.33,185.38
T000521,D0033,Delhi,2026-08-24 16:21:02,2026-08-24 17:19:02,32.16,641.48
T000522,D0113,Jaipur,2026-08-25 08:15:07,2026-08-25 08:50:07,32.77,756.64
T000523,D0154,Jaipur,2026-08-07 00:49:39,2026-08-07 01:07:39,16.84,364.22
T000524,D0021,Ahmedabad,2026-08-04 09:09:37,2026-08-04 09:29:37,15.83,331.03
T000525,D0143,Bangalore,2026-08-27 04:26:58,2026-08-27 04:43:58,10.69,156.06
T000526,D0036,Ahmedabad,2026-08-14 05:12:40,2026-08-14 05:47:40,29.77,648.59
T000527,D0116,Bangalore,2026-08-09 14:53:40,2026-08-09 15:00:40,4.44,53.61
T000528,D0112,Hyderabad,2026-08-02 09:14:02,2026-08-02 09:44:02,28.72,544.81
T000529,D0070,Mumbai,2026-08-01 20:47:10,2026-08-01 20:50:10,2.53,33.35
T000530,D0004,Ahmedabad,2026-08-19 02:19:34,2026-08-19 02:45:34,21.86,479.93
T000531,D0020,Chennai,2026-08-15 23:50:38,2026-08-16 00:18:38,18.33,328.65
T000532,D0020,Chennai,2026-08-03 16:30:40,2026-08-03 17:34:40,39.63,736.33
T000533,D0185,Mumbai,2026-08-14 18:40:29,2026-08-14 19:07:29,27.18,387.2
T000534,D0045,Ahmedabad,2026-08-25 03:39:48,2026-08-25 03:49:48,9.52,212.33
T000535,D0192,Kolkata,2026-08-18 18:31:01,2026-08-18 19:35:01,28.16,570.58
T000536,D0021,Lucknow,2026-08-30 21:34:24,2026-08-30 22:17:24,18.84,353.01
T000537,D0125,Jaipur,2026-08-08 10:44:20,2026-08-08 11:00:20,14.08,288.31
T000538,D0044,Ahmedabad,2026-08-18 18:38:13,2026-08-18 19:13:13,30.79,668.81
T000539,D0004,Ahmedabad,2026-08-01 04:54:10,2026-08-01 05:24:10,28.68,629.6
T000540,D0077,Hyderabad,2026-08-11 00:08:54,2026-08-11 00:12:54,3.96,84.96
T000541,D0073,Kolkata,2026-08-05 19:40:06,2026-08-05 20:36:06,23.72,453.21
T000542,D0080,Bangalore,2026-08-05 06:23:55,2026-08-05 06:52:55,16.36,220.33
T000543,D0148,Jaipur,2026-08-13 21:39:59,2026-08-13 22:08:59,27.94,668.5
T000544,D0134,Chennai,2026-08-23 10:11:58,2026-08-23 10:59:58,32.05,663.13
T000545,D0079,Ahmedabad,2026-08-08 17:23:07,2026-08-08 17:58:07,28.08,580.48
T000546,D0066,Pune,2026-08-07 17:07:26,2026-08-07 17:45:26,-20.28,401.85
T000547,D0130,Mumbai,2026-08-08 19:24:35,2026-08-08 19:50:35,28.38,415.47
T000548,D0095,Pune,2026-08-19 11:00:59,2026-08-19 11:09:59,5.46,124.2
T000549,D0003,Hyderabad,2026-08-01 06:28:14,2026-08-01 06:41:14,10.99,237.27
T000550,D0049,Chennai,2026-08-06 05:21:36,2026-08-06 05:40:36,12.46,231.37
T000551,D0001,Mumbai,2026-08-08 13:20:52,2026-08-08 14:01:52,39.91,523.53
T000552,D0105,Lucknow,2026-08-29 07:52:00,2026-08-29 08:41:00,21.46,459.24
T000553,D0127,Pune,2026-08-26 19:00:14,2026-08-26 19:42:14,21.11,418.53
T000554,D0091,Kolkata,2026-08-21 01:49:20,2026-08-21 02:38:20,19.24,358.67
T000555,D0150,Kolkata,2026-08-04 08:05:10,2026-08-04 09:29:10,34.27,630.54
T000556,D0135,Chennai,2026-08-25 12:14:39,2026-08-25 12:56:39,25.55,453.9
T000557,D0196,Hyderabad,2026-08-03 14:17:34,2026-08-03 14:50:34,33.36,618.17
T000558,D0024,Ahmedabad,2026-08-15 15:30:06,2026-08-15 15:51:06,18.33,416.25
T000559,D0191,Hyderabad,2026-08-07 07:39:38,2026-08-07 08:18:38,36.91,820.15
T000560,D0005,Chennai,2026-08-26 22:23:17,2026-08-26 22:35:17,8.07,163.79
T000561,D0181,Chennai,2026-08-20 22:27:56,2026-08-20 22:57:56,18.09,317.15
T000562,D0196,Jaipur,2026-08-30 11:06:58,2026-08-30 11:30:58,20.62,417.85
T000563,D0168,Chennai,2026-08-29 10:21:37,2026-08-29 11:20:37,38.98,827.2
T000564,D0018,Jaipur,2026-08-17 02:19:26,2026-08-17 02:54:26,32.91,771.23
T000565,D0022,Ahmedabad,2026-08-17 08:53:21,2026-08-17 09:13:21,16.88,354.91
T000566,D0090,Lucknow,2026-08-08 09:58:47,2026-08-08 10:28:47,11.3,217.41
T000567,D0036,Chennai,2026-08-17 02:22:21,2026-08-17 03:13:21,29.33,527.24
T000568,D0140,Ahmedabad,2026-08-30 12:32:26,2026-08-30 12:56:26,21.3,440.22
T000569,D0009,Hyderabad,2026-08-18 09:14:27,2026-08-18 09:26:27,10.81,197.48
T000570,D0191,Kolkata,2026-08-06 15:51:24,2026-08-06 17:04:24,32.45,682.34
T000571,D0198,Jaipur,2026-08-03 11:37:29,2026-08-03 11:44:29,6.67,131.92
T000572,D0040,Pune,2026-08-21 00:42:28,2026-08-21 00:55:28,7.17,139.44
T000573,D0034,Jaipur,2026-08-26 01:55:24,2026-08-26 02:38:24,39.22,860.88
T000574,D0179,Jaipur,2026-08-26 09:41:14,2026-08-26 09:58:14,15.49,359.7
T000575,D0062,Bangalore,2026-08-28 21:28:24,2026-08-28 22:32:24,35.68,434.96
T000576,D0024,Lucknow,2026-08-13 18:11:34,2026-08-13 19:15:34,25.66,527.04
T000577,D0072,Lucknow,2026-08-23 05:11:36,2026-08-23 05:52:36,15.61,322.37
T000578,D0166,Lucknow,2026-08-22 02:04:23,2026-08-22 02:54:23,22.85,441.7
T000579,D0086,Delhi,2026-08-13 12:12:19,2026-08-13 13:23:19,32.62,684.07
T000580,D0185,Chennai,2026-08-22 12:15:12,2026-08-22 13:18:12,37.94,811.58
T000581,D0122,Kolkata,2026-08-14 02:41:10,2026-08-14 03:53:10,29.46,546.54
T000582,D0055,Lucknow,2026-08-04 19:15:34,2026-08-04 19:54:34,17.01,324.14
T000583,D0066,Hyderabad,2026-08-28 07:11:37,2026-08-28 07:32:37,20.71,452.59
T000584,D0176,Chennai,2026-08-29 04:22:22,2026-08-29 05:20:22,33.56,688.0
T000585,D0105,Ahmedabad,2026-08-19 16:10:23,2026-08-19 16:38:23,26.34,511.17
T000586,D0143,Pune,2026-08-03 03:34:21,2026-08-03 04:06:21,16.69,361.29
T000587,D0180,Chennai,2026-08-06 10:25:48,2026-08-06 11:11:48,26.36,526.5
T000588,D0192,Chennai,2026-08-29 10:08:03,2026-08-29 10:48:03,25.05,474.18
T000589,D0120,Hyderabad,2026-08-13 09:22:23,2026-08-13 09:39:23,16.52,306.57
T000590,D0095,Kolkata,2026-08-10 10:09:21,2026-08-10 11:08:21,25.81,526.92
T000591,D0018,Bangalore,2026-08-22 02:27:56,2026-08-22 02:43:56,10.53,141.37
T000592,D0182,Ahmedabad,2026-08-28 17:53:44,2026-08-28 18:37:44,37.77,726.97
T000593,D0121,Chennai,2026-08-06 07:51:51,2026-08-06 07:56:51,3.15,61.24
T000594,D0160,Delhi,2026-08-21 08:01:02,2026-08-21 09:13:02,33.25,790.06
T000595,D0058,Hyderabad,2026-08-27 13:37:04,2026-08-27 14:07:04,28.19,583.04
T000596,D0171,Kolkata,2026-08-16 20:28:42,2026-08-16 21:06:42,15.81,325.52
T000597,D0104,Bangalore,2026-08-24 14:38:45,2026-08-24 14:54:45,10.36,131.82
T000598,D0122,Bangalore,2026-08-21 10:50:47,2026-08-21 11:22:47,18.75,237.13
T000599,D0050,Pune,2026-08-30 02:21:04,2026-08-30 02:29:04,,90.57
T000600,D0081,Mumbai,2026-08-02 14:23:11,2026-08-02 14:27:11,3.89,49.89
T000601,D0119,Pune,2026-08-08 21:28:08,2026-08-08 22:00:08,,351.33
T000602,D0182,Bangalore,2026-08-29 17:06:19,2026-08-29 17:53:19,25.81,340.92
T000603,D0074,Jaipur,2026-08-21 01:22:58,2026-08-21 01:40:58,15.76,316.33
T000604,D0136,Mumbai,2026-08-11 08:26:57,2026-08-11 08:42:57,15.39,189.67
T000605,D0199,Kolkata,2026-08-11 22:04:29,2026-08-11 22:18:29,5.84,112.99
T000606,D0143,Jaipur,2026-08-28 14:48:23,2026-08-28 15:04:23,15.59,309.16
T000607,D0121,Pune,2026-08-08 20:50:45,2026-08-08 21:01:45,5.37,117.48
T000608,D0077,Pune,2026-08-14 21:52:10,2026-08-14 23:01:10,34.73,692.59
T000609,D0046,Mumbai,2026-08-02 04:32:44,2026-08-02 05:02:44,29.65,409.36
T000610,D0096,Delhi,2026-08-12 18:32:04,2026-08-12 19:37:04,32.46,716.46
T000611,D0080,Mumbai,2026-08-06 05:24:25,2026-08-06 05:57:25,34.41,465.42
T000612,D0193,Mumbai,2026-08-25 05:07:16,2026-08-25 05:31:16,24.74,346.81
T000613,D0044,Kolkata,2026-08-08 09:32:23,2026-08-08 10:56:23,30.65,
T000614,D0120,Jaipur,2026-08-30 05:59:54,2026-08-30 06:41:54,37.04,889.61
T000615,D0194,Pune,2026-08-07 07:03:38,2026-08-07 07:03:38,39.08,778.08
T000616,D0199,Mumbai,2026-08-07 19:41:46,2026-08-07 19:56:46,,176.57
T000617,D0097,Hyderabad,2026-08-13 02:00:28,2026-08-13 02:29:28,27.02,526.94
T000618,D0182,Mumbai,2026-08-07 19:13:53,2026-08-07 19:47:53,36.78,478.84
T000619,D0029,Hyderabad,2026-08-21 13:39:10,2026-08-21 14:22:10,38.13,798.49
T000620,D0170,Bangalore,2026-08-28 21:56:29,2026-08-28 22:16:29,11.64,152.21
T000621,D0195,Lucknow,2026-08-25 00:21:48,2026-08-25 00:44:48,9.88,195.8
T000622,D0114,Chennai,2026-08-20 16:47:17,2026-08-20 17:33:17,32.0,568.54
T000623,D0191,Ahmedabad,2026-08-27 02:25:20,2026-08-27 03:04:20,32.75,
T000624,D0010,Kolkata,2026-08-15 08:27:56,2026-08-15 08:45:56,6.51,140.75
T000625,D0121,Bangalore,2026-08-05 02:19:26,2026-08-05 03:08:26,28.56,385.81
T000626,D0125,Bangalore,2026-08-04 14:26:45,2026-08-04 14:50:45,13.44,188.27
T000627,D0044,Bangalore,2026-08-03 01:59:41,2026-08-03 02:07:41,4.58,57.94
T000628,D0018,Pune,2026-08-04 20:03:18,2026-08-04 20:20:18,8.39,176.84
T000629,D0144,Kolkata,2026-08-08 06:15:17,2026-08-08 06:47:17,13.77,288.9
T000630,D0012,Pune,2026-08-29 16:18:22,2026-08-29 17:10:22,27.82,528.17
T000631,D0198,Delhi,2026-08-29 09:22:14,2026-08-29 09:50:14,14.29,292.04
T000632,D0170,Bangalore,2026-08-17 05:38:54,2026-08-17 06:19:54,27.33,386.68
T000633,D0074,Hyderabad,2026-08-10 11:18:41,2026-08-10 11:57:41,37.36,754.81
T000634,D0169,Mumbai,2026-08-23 22:28:36,2026-08-23 22:45:36,18.99,277.32
T000635,D0125,Kolkata,2026-08-07 16:57:37,2026-08-07 18:19:37,35.87,716.54
T000636,D0128,Hyderabad,2026-08-18 15:38:36,2026-08-18 16:05:36,27.62,542.29
T000637,D0029,Kolkata,2026-08-09 10:39:25,2026-08-09 11:04:25,10.42,201.65
T000638,D0024,Kolkata,2026-08-23 06:08:59,2026-08-23 07:00:59,18.96,400.38
T000639,D0133,Bangalore,2026-08-24 06:59:09,2026-08-24 07:20:09,13.7,177.52
T000640,D0115,Hyderabad,2026-08-15 05:06:40,2026-08-15 05:19:40,,226.6
T000641,D0127,Jaipur,2026-08-16 06:02:04,2026-08-16 06:41:04,35.64,719.17
T000642,D0017,Chennai,2026-08-06 19:22:37,2026-08-06 19:26:37,2.1,40.71
T000643,D0184,Kolkata,2026-08-03 01:45:53,2026-08-03 03:24:53,36.87,790.26
T000644,D0090,Mumbai,2026-08-17 07:45:14,2026-08-17 08:00:14,15.93,210.43
T000645,D0029,Hyderabad,2026-08-10 04:40:59,2026-08-10 04:48:59,6.94,127.95
T000646,D0058,Jaipur,2026-08-21 04:40:54,2026-08-21 05:03:54,20.74,483.6
T000647,D0011,Ahmedabad,2026-08-28 22:57:38,2026-08-28 23:04:38,6.18,136.27
T000648,D0125,Hyderabad,2026-08-10 01:51:27,2026-08-10 02:24:27,28.87,642.57
T000649,D0109,Mumbai,2026-08-18 23:27:21,2026-08-18 23:41:21,14.24,191.94
T000650,D0083,Chennai,2026-08-19 11:07:30,2026-08-19 11:14:30,-4.57,94.27
T000651,D0127,Chennai,2026-08-29 20:17:10,2026-08-29 20:44:10,18.15,369.26
T000652,D0113,Delhi,2026-08-24 03:53:32,2026-08-24 04:38:32,24.39,533.91
T000653,D0041,Ahmedabad,2026-08-15 13:42:24,2026-08-15 14:07:24,20.98,410.92
T000654,D0030,Delhi,2026-08-17 13:56:53,2026-08-17 14:22:53,13.6,269.91
T000655,D0184,Hyderabad,2026-08-14 13:16:39,2026-08-14 13:36:39,20.29,445.18
T000656,D0176,Bangalore,2026-08-14 20:37:29,2026-08-14 21:17:29,25.52,333.61
T000657,D0075,Jaipur,2026-08-12 21:08:24,2026-08-12 21:21:24,12.43,298.08
T000658,D0192,Lucknow,2026-08-20 23:05:11,2026-08-20 23:18:11,5.57,116.31
T000659,D0136,Jaipur,2026-08-20 10:42:53,2026-08-20 11:16:53,28.91,677.76
T000660,D0195,Jaipur,2026-08-25 10:30:08,2026-08-25 10:37:08,6.34,136.15
T000661,D0083,Mumbai,2026-08-04 09:04:15,2026-08-04 09:31:15,29.56,389.74
T000662,D0128,Ahmedabad,2026-08-24 19:40:26,2026-08-24 20:23:26,38.12,738.93
T000663,D0141,Chennai,2026-08-24 12:12:59,2026-08-24 12:41:59,18.34,378.17
T000664,D0175,Kolkata,2026-08-30 13:41:12,2026-08-30 14:59:12,30.77,600.53
T000665,D0191,Pune,2026-08-30 23:59:52,2026-08-31 01:03:52,35.6,813.71
T000666,D0093,Hyderabad,2026-08-04 00:31:54,2026-08-04 00:39:54,7.59,162.69
T000667,D0120,Chennai,2026-08-04 09:06:06,2026-08-04 10:05:06,33.38,643.43
T000668,D0067,Delhi,2026-08-12 13:01:07,2026-08-12 14:18:07,37.83,758.29
T000669,D0099,Pune,2026-08-15 05:51:50,2026-08-15 05:57:50,3.02,57.88
T000670,D0090,Jaipur,2026-08-10 03:42:05,2026-08-10 03:55:05,12.64,
T000671,D0060,Chennai,2026-08-06 06:25:48,2026-08-06 07:18:48,35.69,
T000672,D0067,Pune,2026-08-20 11:39:35,2026-08-20 12:35:35,28.46,533.57
T000673,D0196,Hyderabad,2026-08-18 00:44:34,2026-08-18 01:07:34,21.88,451.2
T000674,D0071,Delhi,2026-08-06 13:05:55,2026-08-06 13:31:55,12.71,264.17
T000675,D0165,Chennai,2026-08-25 04:29:33,2026-08-25 04:54:33,15.96,286.77
T000676,D0179,Jaipur,2026-08-18 07:07:28,2026-08-18 07:18:28,10.06,227.47
T000677,D0066,Mumbai,2026-08-11 07:13:43,2026-08-11 07:46:43,34.98,523.74
T000678,D0137,Mumbai,2026-08-10 05:32:34,2026-08-10 06:03:34,32.45,443.18
T000679,D0123,Jaipur,2026-08-29 02:49:39,2026-08-29 03:29:39,34.85,735.9
T000680,D0054,Pune,2026-08-04 15:25:01,2026-08-04 15:38:01,7.25,163.49
T000681,D0159,Ahmedabad,2026-08-27 04:54:55,2026-08-27 05:32:55,31.17,652.94
T000682,D0016,Kolkata,2026-08-14 17:15:38,2026-08-14 18:14:38,22.77,498.29
T000683,D0158,Chennai,2026-08-05 00:36:24,2026-08-05 01:22:24,30.95,549.68
T000684,D0126,Hyderabad,2026-08-03 11:15:40,2026-08-03 11:46:40,27.19,548.38
T000685,D0099,Hyderabad,2026-08-15 02:07:41,2026-08-15 02:20:41,12.67,
T000686,D0012,Lucknow,2026-08-23 01:16:50,2026-08-23 02:34:50,30.28,608.89
T000687,D0068,Delhi,2026-08-03 10:24:02,2026-08-03 11:04:02,20.28,412.47
T000688,D0180,Jaipur,2026-08-09 14:34:18,2026-08-09 14:45:18,10.46,212.23
T000689,D0187,Lucknow,2026-08-05 17:25:58,2026-08-05 17:52:58,10.62,212.44
T000690,D0059,Jaipur,2026-08-06 16:26:20,2026-08-06 16:59:20,33.28,764.64
T000691,D0127,Lucknow,2026-08-10 12:52:49,2026-08-10 13:47:49,22.58,459.89
T000692,D0107,Delhi,2026-08-04 02:34:44,2026-08-04 02:45:44,5.75,116.43
T000693,D0120,Kolkata,2026-08-08 03:53:51,2026-08-08 04:37:51,17.05,353.24
T000694,D0024,Hyderabad,2026-08-16 04:54:01,2026-08-16 05:00:01,5.08,113.13
T000695,D0048,Bangalore,2026-08-13 00:27:53,2026-08-13 00:39:53,7.13,104.32
T000696,D0157,Mumbai,2026-08-12 18:24:41,2026-08-12 18:55:41,31.06,444.48
T000697,D0168,Delhi,2026-08-25 10:41:36,2026-08-25 11:43:36,33.9,704.74
T000698,D0003,Bangalore,2026-08-03 01:22:50,2026-08-03 01:35:50,8.38,109.57
T000699,D0105,Delhi,2026-08-14 16:50:08,2026-08-14 17:22:08,,360.95
T000700,D0103,Hyderabad,2026-08-07 13:16:14,2026-08-07 13:24:14,7.97,173.14
T000701,D0154,Kolkata,2026-08-26 14:30:13,2026-08-26 15:59:13,36.7,746.64
T000702,D0177,Ahmedabad,2026-08-12 21:35:41,2026-08-12 22:17:41,39.74,865.92
T000703,D0193,Chennai,2026-08-16 23:22:43,2026-08-17 00:05:43,29.38,585.17
T000704,D0141,Kolkata,2026-08-21 06:30:33,2026-08-21 07:22:33,20.24,369.36
T000705,D0107,Kolkata,2026-08-04 21:27:26,2026-08-04 21:55:26,11.94,
T000706,D0099,Chennai,2026-08-17 02:41:59,2026-08-17 02:48:59,3.96,73.91
T000707,D0020,Delhi,2026-08-20 08:46:08,2026-08-20 09:18:08,16.57,374.08
T000708,D0137,Mumbai,2026-08-09 23:12:56,2026-08-09 23:49:56,36.57,489.69
T000709,D0095,Bangalore,2026-08-13 20:41:16,2026-08-13 21:03:16,13.0,165.62
T000710,D0154,Lucknow,2026-08-14 19:27:30,2026-08-14 19:45:30,7.74,144.51
T000711,D0090,Pune,2026-08-20 09:37:39,2026-08-20 09:54:39,8.73,177.74
T000712,D0192,Jaipur,2026-08-05 22:12:40,2026-08-05 22:36:40,23.82,557.04
T000713,D0188,Hyderabad,2026-08-22 02:27:28,2026-08-22 03:06:28,39.14,755.64
T000714,D0072,Mumbai,2026-08-30 20:41:24,2026-08-30 21:04:24,22.42,288.28
T000715,D0047,Bangalore,2026-08-03 03:44:41,2026-08-03 04:47:41,39.72,529.17
T000716,D0052,Delhi,2026-08-08 11:47:43,2026-08-08 12:33:43,24.74,556.32
T000717,D0001,Mumbai,2026-08-25 19:35:38,2026-08-25 19:51:38,17.42,242.64
T000718,D0104,Ahmedabad,2026-08-02 13:54:54,2026-08-02 14:21:54,23.6,525.54
T000719,D0166,Bangalore,2026-08-12 19:56:31,2026-08-12 20:02:31,3.39,43.1
T000720,D0034,Pune,2026-08-19 11:56:36,2026-08-19 12:55:36,31.63,611.2
T000721,D0129,Bangalore,2026-08-10 02:59:07,2026-08-10 03:51:07,28.99,362.87
T000722,D0038,Lucknow,2026-08-06 22:04:39,2026-08-06 22:32:39,11.99,273.47
T000723,D0143,Delhi,2026-08-04 12:38:11,2026-08-04 13:11:11,14.88,317.36
T000724,D0171,Jaipur,2026-08-12 21:17:55,2026-08-12 21:23:55,5.99,142.52
T000725,D0154,Bangalore,2026-08-10 15:32:05,2026-08-10 15:44:05,6.62,84.79
T000726,D0056,Pune,2026-08-27 18:12:42,2026-08-27 18:58:42,25.32,483.35
T000727,D0083,Ahmedabad,2026-08-01 06:31:33,2026-08-01 06:53:33,18.08,363.86
T000728,D0060,Lucknow,2026-08-12 02:15:51,2026-08-12 03:11:51,21.79,448.67
T000729,D0107,Mumbai,2026-08-11 16:57:05,2026-08-11 17:18:05,20.77,308.27
T000730,D0163,Chennai,2026-08-02 14:27:35,2026-08-02 14:32:35,3.02,59.99
T000731,D0127,Chennai,2026-08-16 01:56:42,2026-08-16 02:56:42,39.83,851.28
T000732,D0122,Jaipur,2026-08-21 09:10:22,2026-08-21 09:24:22,12.79,258.9
T000733,D0074,Pune,2026-08-18 15:07:32,2026-08-18 16:06:32,29.52,621.12
T000734,D0057,Jaipur,2026-08-13 11:19:36,2026-08-13 11:53:36,32.62,
T000735,D0130,Jaipur,2026-08-15 01:08:59,2026-08-15 01:50:59,35.41,774.21
T000736,D0169,Ahmedabad,2026-08-04 03:31:14,2026-08-04 04:06:14,27.53,630.51
T000737,D0184,Jaipur,2026-08-15 13:57:19,2026-08-15 14:04:19,6.32,148.67
T000738,D0061,Chennai,2026-08-25 01:41:45,2026-08-25 02:15:45,20.79,443.15
T000739,D0023,Chennai,2026-08-29 18:17:58,2026-08-29 18:54:58,22.2,415.31
T000740,D0135,Chennai,2026-08-05 11:25:54,2026-08-05 11:44:54,12.32,259.08
T000741,D0055,Ahmedabad,2026-08-04 08:56:41,2026-08-04 09:29:41,28.72,615.51
T000742,D0176,Delhi,2026-08-22 22:41:55,2026-08-23 00:00:55,38.41,877.38
T000743,D0116,Hyderabad,2026-08-22 14:12:00,2026-08-22 14:41:00,29.74,615.2
T000744,D0135,Lucknow,2026-08-09 21:50:24,2026-08-09 23:27:24,39.82,863.88
T000745,D0182,Lucknow,2026-08-27 11:04:37,2026-08-27 12:35:37,37.7,777.49
T000746,D0076,Kolkata,2026-08-25 02:03:53,2026-08-25 02:09:53,2.35,43.25
T000747,D0052,Bangalore,2026-08-17 03:41:17,2026-08-17 04:25:17,24.74,332.12
T000748,D0015,Chennai,2026-08-16 14:43:02,2026-08-16 14:54:02,6.85,132.21
T000749,D0162,Pune,2026-08-26 14:01:40,2026-08-26 14:41:40,21.73,488.41
T000750,D0106,Chennai,2026-08-25 22:45:46,2026-08-25 23:20:46,23.61,422.9
T000751,D0052,Ahmedabad,2026-08-17 16:32:58,2026-08-17 16:56:58,22.09,453.02
T000752,D0134,Hyderabad,2026-08-07 21:26:12,2026-08-07 21:32:12,6.44,130.68
T000753,D0142,Hyderabad,2026-08-29 01:12:53,2026-08-29 01:30:53,18.58,367.25
T000754,D0090,Ahmedabad,2026-08-11 17:29:02,2026-08-11 18:08:02,31.09,701.18
T000755,D0096,Pune,2026-08-10 20:33:08,2026-08-10 21:30:08,33.34,698.75
T000756,D0187,Bangalore,2026-08-04 16:29:57,2026-08-04 17:26:57,31.83,406.05
T000757,D0164,Chennai,2026-08-12 19:49:43,2026-08-12 20:15:43,16.99,354.05
T000758,D0065,Ahmedabad,2026-08-09 20:39:33,2026-08-09 21:05:33,20.85,398.4
T000759,D0091,Chennai,2026-08-10 17:12:38,2026-08-10 17:17:38,3.13,64.5
T000760,D0009,Bangalore,2026-08-12 07:29:14,2026-08-12 08:22:14,30.43,369.14
T000761,D0038,Bangalore,2026-08-16 18:06:00,2026-08-16 18:38:00,18.6,251.4
T000762,D0083,Jaipur,2026-08-16 23:01:32,2026-08-16 23:21:32,16.86,375.98
T000763,D0081,Hyderabad,2026-08-15 13:32:10,2026-08-15 13:40:10,8.42,168.38
T000764,D0035,Mumbai,2026-08-30 08:45:50,2026-08-30 09:10:50,24.82,367.18
T000765,D0006,Kolkata,2026-08-06 11:42:12,2026-08-06 13:02:12,34.1,674.68
T000766,D0143,Lucknow,2026-08-25 00:20:35,2026-08-25 00:39:35,8.39,188.25
T000767,D0167,Bangalore,2026-08-24 18:03:53,2026-08-24 18:26:53,13.15,175.3
T000768,D0026,Bangalore,2026-08-30 12:49:54,2026-08-30 12:54:54,3.08,38.19
T000769,D0157,Jaipur,2026-08-11 00:51:57,2026-08-11 01:32:57,39.38,791.19
T000770,D0078,Bangalore,2026-08-25 10:28:18,2026-08-25 10:28:18,35.79,481.0
T000771,D0038,Hyderabad,2026-08-16 17:36:56,2026-08-16 18:20:56,38.75,792.19
T000772,D0142,Pune,2026-08-03 22:44:29,2026-08-03 23:36:29,28.81,554.2
T000773,D0153,Chennai,2026-08-06 14:12:14,2026-08-06 15:16:14,37.08,716.76
T000774,D0163,Hyderabad,2026-08-15 12:52:19,2026-08-15 13:06:19,12.64,261.99
T000775,D0115,Delhi,2026-08-12 12:56:21,2026-08-12 13:49:21,-29.05,624.37
T000776,D0079,Delhi,2026-08-09 15:19:45,2026-08-09 15:43:45,11.79,246.9
T000777,D0080,Kolkata,2026-08-30 20:45:44,2026-08-30 22:10:44,33.26,654.28
T000778,D0193,Delhi,2026-08-04 12:06:44,2026-08-04 13:00:44,29.29,700.27
T000779,D0011,Pune,2026-08-04 07:28:28,2026-08-04 07:38:28,5.63,119.18
T000780,D0063,Kolkata,2026-08-18 20:46:52,2026-08-18 22:14:52,35.41,760.08
T000781,D0075,Lucknow,2026-08-23 17:36:18,2026-08-23 17:44:18,3.36,64.31
T000782,D0115,Hyderabad,2026-08-13 03:54:44,2026-08-13 03:57:44,3.12,58.8
T000783,D0065,Jaipur,2026-08-15 02:13:23,2026-08-15 02:27:23,12.31,291.43
T000784,D0070,Mumbai,2026-08-17 13:10:41,2026-08-17 13:46:41,36.49,462.29
T000785,D0001,Pune,2026-08-28 08:24:30,2026-08-28 08:24:30,11.99,242.02
T000786,D0109,Kolkata,2026-08-03 03:15:18,2026-08-03 04:06:18,20.98,417.36
T000787,D0200,Mumbai,2026-08-20 21:50:40,2026-08-20 22:27:40,39.34,542.81
T000788,D0193,Kolkata,2026-08-09 02:16:33,2026-08-09 02:55:33,15.12,282.91
T000789,D0122,Lucknow,2026-08-28 02:09:39,2026-08-28 03:10:39,26.93,551.55
T000790,D0029,Jaipur,2026-08-13 08:50:05,2026-08-13 09:24:05,33.6,789.58
T000791,D0058,Chennai,2026-08-14 10:52:28,2026-08-14 11:49:28,34.53,664.03
T000792,D0101,Jaipur,2026-08-24 14:01:43,2026-08-24 14:25:43,23.67,510.85
T000793,D0138,Lucknow,2026-08-01 09:42:54,2026-08-01 10:10:54,12.36,280.22
T000794,D0103,Hyderabad,2026-08-02 16:21:51,2026-08-02 16:52:51,30.84,578.52
T000795,D0128,Jaipur,2026-08-21 02:15:01,2026-08-21 02:45:01,25.42,509.28
T000796,D0056,Ahmedabad,2026-08-03 15:48:31,2026-08-03 16:22:31,32.38,656.35
T000797,D0080,Pune,2026-08-24 09:29:23,2026-08-24 10:01:23,18.96,408.86
T000798,D0156,Mumbai,2026-08-18 17:43:04,2026-08-18 17:46:04,3.43,50.72
T000799,D0017,Delhi,2026-08-15 05:50:44,2026-08-15 06:11:44,9.78,215.29
T000800,D0184,Hyderabad,2026-08-25 19:19:50,2026-08-25 19:58:50,34.84,646.61
T000801,D0050,Jaipur,2026-08-24 01:26:36,2026-08-24 01:29:36,2.82,63.11
T000802,D0176,Chennai,2026-08-25 08:58:13,2026-08-25 09:32:13,,409.48
T000803,D0162,Bangalore,2026-08-14 18:35:43,2026-08-14 18:39:43,2.21,28.98
T000804,D0071,Delhi,2026-08-01 03:10:41,2026-08-01 04:23:41,35.68,830.17
T000805,D0159,Bangalore,2026-08-10 13:03:42,2026-08-10 13:44:42,25.68,373.15
T000806,D0079,Ahmedabad,2026-08-08 14:04:15,2026-08-08 14:13:15,8.47,192.79
T000807,D0094,Jaipur,2026-08-19 17:11:36,2026-08-19 17:49:36,35.38,760.71
T000808,D0154,Bangalore,2026-08-30 06:05:58,2026-08-30 06:55:58,28.29,392.54
T000809,D0013,Hyderabad,2026-08-18 23:30:52,2026-08-18 23:38:52,7.3,149.95
T000810,D0124,Pune,2026-08-07 02:27:28,2026-08-07 03:08:28,22.53,
T000811,D0092,Chennai,2026-08-19 15:44:20,2026-08-19 16:38:20,-36.68,670.88
T000812,D0117,Delhi,2026-08-14 19:23:45,2026-08-14 19:36:45,6.09,138.36
T000813,D0008,Kolkata,2026-08-10 14:54:48,2026-08-10 15:24:48,12.96,278.02
T000814,D0198,Delhi,2026-08-15 06:19:30,2026-08-15 07:29:30,32.34,743.07
T000815,D0131,Bangalore,2026-08-15 06:58:44,2026-08-15 07:03:44,2.74,37.06
T000816,D0194,Chennai,2026-08-12 08:57:34,2026-08-12 10:01:34,36.57,702.23
T000817,D0099,Pune,2026-08-07 02:30:10,2026-08-07 02:35:10,2.71,59.0
T000818,D0191,Ahmedabad,2026-08-02 20:03:07,2026-08-02 20:38:07,32.87,684.23
T000819,D0023,Ahmedabad,2026-08-16 00:06:24,2026-08-16 00:25:24,16.47,361.04
T000820,D0086,Ahmedabad,2026-08-03 09:47:55,2026-08-03 10:05:55,14.53,320.03
T000821,D0197,Mumbai,2026-08-18 10:10:58,2026-08-18 10:51:58,39.66,573.18
T000822,D0055,Bangalore,2026-08-04 13:31:44,2026-08-04 14:24:44,33.64,409.46
T000823,D0059,Hyderabad,2026-08-01 02:29:53,2026-08-01 03:09:53,37.98,814.6
T000824,D0007,Mumbai,2026-08-26 22:00:12,2026-08-26 22:34:12,33.13,466.28
T000825,D0181,Hyderabad,2026-08-06 07:09:09,2026-08-06 07:35:09,23.06,433.41
T000826,D0172,Jaipur,2026-08-05 13:41:57,2026-08-05 13:54:57,10.97,237.95
T000827,D0153,Chennai,2026-08-29 08:10:38,2026-08-29 08:39:38,19.25,360.69
T000828,D0094,Kolkata,2026-08-19 12:17:25,2026-08-19 13:39:25,35.27,725.84
T000829,D0169,Chennai,2026-08-06 15:05:53,2026-08-06 15:32:53,18.09,363.46
T000830,D0138,Chennai,2026-08-19 11:25:53,2026-08-19 12:13:53,31.07,619.8
T000831,D0038,Mumbai,2026-08-19 22:08:24,2026-08-19 22:29:24,22.86,280.48
T000832,D0196,Jaipur,2026-08-29 02:24:45,2026-08-29 02:50:45,23.68,559.73
T000833,D0122,Lucknow,2026-08-08 00:53:58,2026-08-08 01:02:58,3.61,71.5
T000834,D0103,Chennai,2026-08-17 05:36:47,2026-08-17 05:40:47,2.53,48.86
T000835,D0018,Chennai,2026-08-02 03:39:15,2026-08-02 03:47:15,4.76,97.99
T000836,D0035,Chennai,2026-08-27 23:03:06,2026-08-28 00:01:06,37.22,703.82
T000837,D0101,Mumbai,2026-08-06 04:41:33,2026-08-06 04:41:33,17.07,219.55
T000838,D0138,Bangalore,2026-08-02 04:09:48,2026-08-02 04:53:48,26.03,327.43
T000839,D0171,Pune,2026-08-05 16:39:05,2026-08-05 16:43:05,2.14,48.08
T000840,D0186,Hyderabad,2026-08-24 03:56:03,2026-08-24 04:25:03,25.97,550.28
T000841,D0027,Lucknow,2026-08-26 07:47:47,2026-08-26 08:26:47,15.0,291.53
T000842,D0135,Mumbai,2026-08-02 02:04:10,2026-08-02 02:11:10,6.59,89.03
T000843,D0110,Mumbai,2026-08-29 08:37:38,2026-08-29 08:46:38,8.75,120.61
T000844,D0009,Delhi,2026-08-15 14:25:11,2026-08-15 15:31:11,34.86,791.73
T000845,D0100,Bangalore,2026-08-03 15:39:42,2026-08-03 16:39:42,34.92,448.23
T000846,D0046,Pune,2026-08-15 18:16:24,2026-08-15 18:35:24,9.47,207.12
T000847,D0108,Jaipur,2026-08-28 05:13:20,2026-08-28 05:18:20,4.58,95.39
T000848,D0163,Hyderabad,2026-08-01 02:46:05,2026-08-01 02:55:05,8.25,155.11
T000849,D0040,Lucknow,2026-08-18 17:42:35,2026-08-18 17:58:35,6.1,138.18
T000850,D0186,Hyderabad,2026-08-18 02:45:55,2026-08-18 03:07:55,21.87,416.36
T000851,D0038,Kolkata,2026-08-05 17:31:39,2026-08-05 17:37:39,2.57,50.37
T000852,D0180,Lucknow,2026-08-15 17:25:16,2026-08-15 18:02:16,14.88,315.43
T000853,D0079,Chennai,2026-08-27 13:28:12,2026-08-27 14:24:12,33.84,659.31
T000854,D0035,Jaipur,2026-08-26 03:11:08,2026-08-26 03:46:08,31.05,668.8
T000855,D0001,Lucknow,2026-08-11 02:07:18,2026-08-11 03:34:18,34.7,659.94
T000856,D0069,Chennai,2026-08-20 09:59:09,2026-08-20 10:40:09,24.21,443.45
T000857,D0089,Bangalore,2026-08-03 23:47:35,2026-08-04 00:15:35,17.0,208.12
T000858,D0152,Kolkata,2026-08-03 15:51:22,2026-08-03 16:30:22,15.3,280.17
T000859,D0141,Delhi,2026-08-28 21:40:57,2026-08-28 22:32:57,23.96,542.32
T000860,D0153,Bangalore,2026-08-28 21:03:40,2026-08-28 21:28:40,14.94,210.29
T000861,D0180,Chennai,2026-08-20 07:09:06,2026-08-20 07:30:06,12.65,228.8
T000862,D0130,Hyderabad,2026-08-04 15:18:20,2026-08-04 15:57:20,39.49,809.54
T000863,D0179,Ahmedabad,2026-08-11 22:55:25,2026-08-11 23:12:25,15.76,335.81
T000864,D0164,Delhi,2026-08-05 12:45:01,2026-08-05 12:50:01,2.84,57.91
T000865,D0155,Lucknow,2026-08-22 13:32:10,2026-08-22 14:14:10,18.02,377.02
T000866,D0133,Lucknow,2026-08-17 17:25:05,2026-08-17 18:00:05,15.07,286.57
T000867,D0080,Jaipur,2026-08-21 13:16:21,2026-08-21 13:44:21,25.69,554.58
T000868,D0070,Jaipur,2026-08-02 13:09:48,2026-08-02 13:39:48,-26.99,645.02
T000869,D0045,Delhi,2026-08-09 04:11:43,2026-08-09 04:55:43,20.61,426.53
T000870,D0017,Kolkata,2026-08-30 10:35:18,2026-08-30 11:26:18,22.34,466.12
T000871,D0078,Chennai,2026-08-19 09:53:55,2026-08-19 10:31:55,25.73,
T000872,D0056,Delhi,2026-08-03 22:08:10,2026-08-03 22:16:10,3.58,71.54
T000873,D0021,Bangalore,2026-08-21 18:30:11,2026-08-21 18:30:11,22.25,322.27
T000874,D0126,Mumbai,2026-08-17 01:52:20,2026-08-17 01:55:20,3.19,45.86
T000875,D0101,Chennai,2026-08-15 19:39:16,2026-08-15 20:40:16,37.53,743.73
T000876,D0179,Ahmedabad,2026-08-10 16:42:49,2026-08-10 16:53:49,9.12,185.85
T000877,D0133,Ahmedabad,2026-08-05 20:34:34,2026-08-05 21:01:34,25.63,493.59
T000878,D0195,Mumbai,2026-08-20 17:35:24,2026-08-20 17:40:24,-4.36,59.31
T000879,D0116,Bangalore,2026-08-09 14:30:36,2026-08-09 14:35:36,3.05,38.13
T000880,D0120,Kolkata,2026-08-19 17:49:07,2026-08-19 19:15:07,34.45,665.79
T000881,D0144,Bangalore,2026-08-09 15:03:42,2026-08-09 15:24:42,12.72,173.9
T000882,D0023,Bangalore,2026-08-28 01:52:00,2026-08-28 02:07:00,9.03,124.84
T000883,D0068,Ahmedabad,2026-08-22 00:21:04,2026-08-22 00:43:04,19.38,416.02
T000884,D0100,Mumbai,2026-08-23 00:16:21,2026-08-23 00:46:21,30.19,433.97
T000885,D0037,Pune,2026-08-20 00:42:06,2026-08-20 01:08:06,-14.4,288.05
T000886,D0161,Pune,2026-08-30 11:16:09,2026-08-30 11:36:09,11.35,251.2
T000887,D0018,Hyderabad,2026-08-23 16:05:14,2026-08-23 16:23:14,17.74,341.81
T000888,D0005,Chennai,2026-08-26 11:56:59,2026-08-26 12:54:59,35.93,680.73
T000889,D0163,Jaipur,2026-08-24 15:58:46,2026-08-24 16:05:46,5.97,118.01
T000890,D0159,Jaipur,2026-08-10 12:37:36,2026-08-10 13:07:36,27.55,556.1
T000891,D0144,Delhi,2026-08-21 08:03:07,2026-08-21 09:24:07,36.62,774.58
T000892,D0181,Pune,2026-08-09 07:12:47,2026-08-09 08:00:47,26.85,550.21
T000893,D0087,Pune,2026-08-30 15:47:09,2026-08-30 16:56:09,36.03,753.83
T000894,D0042,Ahmedabad,2026-08-26 05:54:55,2026-08-26 06:29:55,28.74,568.23
T000895,D0028,Jaipur,2026-08-22 00:38:40,2026-08-22 01:07:40,27.92,637.27
T000896,D0047,Jaipur,2026-08-22 09:33:44,2026-08-22 10:04:44,31.37,712.96
T000897,D0068,Chennai,2026-08-29 01:00:45,2026-08-29 01:20:45,11.66,213.43
T000898,D0169,Delhi,2026-08-11 02:33:00,2026-08-11 02:33:00,17.52,385.71
T000899,D0165,Kolkata,2026-08-07 16:29:43,2026-08-07 17:09:43,15.71,339.68
T000900,D0149,Bangalore,2026-08-22 00:54:42,2026-08-22 00:58:42,2.44,34.27
T000901,D0155,Kolkata,2026-08-15 17:15:30,2026-08-15 17:20:30,2.12,46.18
T000902,D0047,Chennai,2026-08-01 21:07:33,2026-08-01 21:58:33,31.74,621.54
T000903,D0173,Pune,2026-08-08 16:01:42,2026-08-08 16:49:42,28.69,591.7
T000904,D0056,Chennai,2026-08-18 10:39:24,2026-08-18 11:13:24,20.64,416.95
T000905,D0184,Jaipur,2026-08-05 23:12:56,2026-08-05 23:34:56,21.09,441.05
T000906,D0138,Kolkata,2026-08-04 04:13:34,2026-08-04 04:52:34,16.84,350.07
T000907,D0078,Kolkata,2026-08-27 21:08:16,2026-08-27 22:48:16,39.32,854.57
T000908,D0161,Lucknow,2026-08-11 04:16:16,2026-08-11 05:52:16,38.93,737.15
T000909,D0194,Chennai,2026-08-10 00:41:26,2026-08-10 01:07:26,18.14,372.81
T000910,D0159,Bangalore,2026-08-23 05:16:09,2026-08-23 05:59:09,26.2,377.88
T000911,D0021,Mumbai,2026-08-11 12:39:23,2026-08-11 12:49:23,10.24,126.92
T000912,D0117,Mumbai,2026-08-15 23:58:03,2026-08-16 00:19:03,19.21,241.49
T000913,D0029,Jaipur,2026-08-05 00:58:53,2026-08-05 01:08:53,10.2,229.12
T000914,D0196,Hyderabad,2026-08-21 11:13:55,2026-08-21 11:13:55,27.87,611.48
T000915,D0116,Ahmedabad,2026-08-25 03:39:10,2026-08-25 04:22:10,35.41,675.83
T000916,D0135,Lucknow,2026-08-12 04:33:41,2026-08-12 04:41:41,3.23,64.82
T000917,D0087,Mumbai,2026-08-27 16:59:44,2026-08-27 17:28:44,29.2,403.54
T000918,D0168,Jaipur,2026-08-02 03:19:48,2026-08-02 03:21:48,2.03,48.62
T000919,D0060,Kolkata,2026-08-10 23:49:26,2026-08-11 01:28:26,38.92,831.04
T000920,D0094,Jaipur,2026-08-23 07:27:17,2026-08-23 07:31:17,3.74,80.82
T000921,D0043,Bangalore,2026-08-24 05:54:37,2026-08-24 06:54:37,36.07,508.94
T000922,D0185,Ahmedabad,2026-08-07 23:40:25,2026-08-08 00:00:25,16.25,318.58
T000923,D0100,Chennai,2026-08-29 19:48:13,2026-08-29 20:29:13,24.5,495.72
T000924,D0188,Lucknow,2026-08-21 13:05:33,2026-08-21 13:52:33,19.54,409.48
T000925,D0163,Delhi,2026-08-21 05:46:42,2026-08-21 06:56:42,37.18,804.18
T000926,D0041,Mumbai,2026-08-15 01:55:31,2026-08-15 02:17:31,23.59,341.89
T000927,D0125,Hyderabad,2026-08-03 16:52:47,2026-08-03 17:13:47,21.06,401.84
T000928,D0131,Hyderabad,2026-08-15 02:39:38,2026-08-15 03:06:38,28.4,610.78
T000929,D0066,Bangalore,2026-08-09 19:12:12,2026-08-09 19:30:12,10.32,130.19
T000930,D0075,Jaipur,2026-08-05 15:50:18,2026-08-05 16:09:18,16.19,375.52
T000931,D0079,Lucknow,2026-08-01 13:50:54,2026-08-01 15:19:54,36.83,699.43
T000932,D0073,Chennai,2026-08-24 10:45:33,2026-08-24 11:38:33,35.6,715.64
T000933,D0071,Ahmedabad,2026-08-01 08:23:38,2026-08-01 08:33:38,8.95,184.6
T000934,D0006,Kolkata,2026-08-19 22:39:04,2026-08-19 23:58:04,33.26,721.57
T000935,D0129,Jaipur,2026-08-29 18:42:49,2026-08-29 18:59:49,17.02,390.01
T000936,D0007,Ahmedabad,2026-08-19 20:50:58,2026-08-19 20:56:58,4.7,95.24
T000937,D0151,Delhi,2026-08-25 11:05:57,2026-08-25 11:37:57,15.92,315.4
T000938,D0038,Hyderabad,2026-08-15 15:51:40,2026-08-15 16:18:40,28.31,614.37
T000939,D0021,Jaipur,2026-08-23 13:30:42,2026-08-23 14:07:42,36.38,
T000940,D0005,Pune,2026-08-08 05:56:39,2026-08-08 06:38:39,23.59,457.17
T000941,D0091,Hyderabad,2026-08-28 02:25:22,2026-08-28 02:35:22,9.63,179.88
T000942,D0170,Bangalore,2026-08-16 05:05:23,2026-08-16 06:00:23,34.55,494.72
T000943,D0007,Pune,2026-08-16 01:45:49,2026-08-16 02:54:49,34.33,742.02
T000944,D0185,Kolkata,2026-08-08 23:13:39,2026-08-08 23:19:39,2.45,52.02
T000945,D0093,Bangalore,2026-08-20 09:28:28,2026-08-20 09:42:28,9.47,133.79
T000946,D0019,Bangalore,2026-08-04 05:38:50,2026-08-04 06:10:50,20.1,266.12
T000947,D0023,Chennai,2026-08-07 00:34:45,2026-08-07 01:28:45,30.87,622.47
T000948,D0060,Hyderabad,2026-08-09 13:16:58,2026-08-09 13:48:58,29.98,629.6
T000949,D0025,Chennai,2026-08-24 18:38:58,2026-08-24 19:00:58,14.45,288.87
T000950,D0173,Hyderabad,2026-08-16 01:36:19,2026-08-16 02:12:19,32.64,623.04
T000951,D0196,Hyderabad,2026-08-10 10:09:25,2026-08-10 10:48:25,33.74,674.52
T000952,D0064,Jaipur,2026-08-10 08:06:11,2026-08-10 08:09:11,2.25,49.3
T000953,D0128,Mumbai,2026-08-22 03:07:04,2026-08-22 03:27:04,19.1,252.76
T000954,D0065,Delhi,2026-08-30 23:29:14,2026-08-31 00:12:14,22.26,494.38
T000955,D0061,Hyderabad,2026-08-15 23:53:54,2026-08-16 00:15:54,19.04,
T000956,D0101,Kolkata,2026-08-14 14:29:20,2026-08-14 14:29:20,29.84,597.88
T000957,D0200,Mumbai,2026-08-25 07:15:49,2026-08-25 07:19:49,3.53,46.76
T000958,D0106,Bangalore,2026-08-10 04:10:33,2026-08-10 05:05:33,36.11,506.2
T000959,D0056,Mumbai,2026-08-18 23:57:42,2026-08-19 00:14:42,17.4,222.22
T000960,D0006,Hyderabad,2026-08-23 03:42:53,2026-08-23 04:14:53,30.48,585.46
T000961,D0062,Mumbai,2026-08-17 11:38:52,2026-08-17 11:49:52,10.81,133.77
T000962,D0145,Hyderabad,2026-08-24 21:52:51,2026-08-24 22:16:51,21.2,463.99
T000963,D0181,Jaipur,2026-08-12 04:37:45,2026-08-12 05:03:45,22.97,488.99
T000964,D0052,Mumbai,2026-08-05 17:07:19,2026-08-05 17:32:19,28.1,348.35
T000965,D0031,Pune,2026-08-05 10:13:10,2026-08-05 11:13:10,33.81,764.55
T000966,D0106,Bangalore,2026-08-12 00:12:58,2026-08-12 00:30:58,11.7,160.99
T000967,D0085,Kolkata,2026-08-09 17:54:57,2026-08-09 18:34:57,14.58,300.31
T000968,D0001,Ahmedabad,2026-08-29 13:44:12,2026-08-29 14:10:12,22.53,488.87
T000969,D0135,Kolkata,2026-08-07 01:39:10,2026-08-07 03:01:10,30.04,656.54
T000970,D0034,Hyderabad,2026-08-26 16:10:28,2026-08-26 16:49:28,38.47,831.95
T000971,D0077,Mumbai,2026-08-09 16:37:30,2026-08-09 16:47:30,10.66,132.38
T000972,D0157,Hyderabad,2026-08-03 13:31:18,2026-08-03 13:37:18,6.62,125.43
T000973,D0033,Mumbai,2026-08-01 00:31:31,2026-08-01 01:01:31,32.61,459.0
T000974,D0072,Ahmedabad,2026-08-13 07:44:52,2026-08-13 08:20:52,32.35,746.96
T000975,D0003,Ahmedabad,2026-08-04 12:49:27,2026-08-04 13:14:27,22.0,445.11
T000976,D0179,Chennai,2026-08-27 18:53:19,2026-08-27 19:47:19,31.67,651.08
T000977,D0170,Pune,2026-08-29 22:15:46,2026-08-29 23:04:46,24.58,495.9
T000978,D0198,Delhi,2026-08-25 01:00:00,2026-08-25 01:49:00,26.75,639.14
T000979,D0103,Ahmedabad,2026-08-27 17:51:24,2026-08-27 18:05:24,13.48,262.49
T000980,D0146,Pune,2026-08-24 12:04:17,2026-08-24 12:30:17,13.32,264.15
T000981,D0123,Ahmedabad,2026-08-23 16:49:22,2026-08-23 16:52:22,2.85,60.2
T000982,D0182,Pune,2026-08-11 12:04:14,2026-08-11 13:17:14,38.27,794.09
T000983,D0068,Mumbai,2026-08-25 03:57:20,2026-08-25 04:00:20,3.04,40.82
T000984,D0008,Jaipur,2026-08-17 07:28:16,2026-08-17 07:54:16,26.15,617.95
T000985,D0165,Lucknow,2026-08-17 23:11:40,2026-08-17 23:26:40,-6.5,127.77
T000986,D0088,Bangalore,2026-08-30 12:40:39,2026-08-30 13:37:39,35.62,495.24
T000987,D0046,Bangalore,2026-08-12 13:52:35,2026-08-12 13:56:35,2.57,
T000988,D0021,Lucknow,2026-08-08 22:37:43,2026-08-08 23:00:43,10.14,194.64
T000989,D0170,Pune,2026-08-15 22:51:47,2026-08-15 22:59:47,4.84,100.84
T000990,D0036,Pune,2026-08-16 02:11:42,2026-08-16 02:22:42,5.71,129.04
T000991,D0103,Jaipur,2026-08-05 08:16:26,2026-08-05 08:35:26,16.95,339.99
T000992,D0003,Ahmedabad,2026-08-23 02:11:16,2026-08-23 02:18:16,6.15,136.18
T000993,D0087,Mumbai,2026-08-15 21:12:30,2026-08-15 21:47:30,32.98,423.08
T000994,D0076,Ahmedabad,2026-08-28 14:32:43,2026-08-28 14:55:43,19.88,390.88
T000995,D0064,Jaipur,2026-08-07 11:17:55,2026-08-07 11:42:55,25.29,567.59
T000996,D0192,Delhi,2026-08-26 09:03:07,2026-08-26 10:18:07,37.18,849.16
T000997,D0174,Bangalore,2026-08-06 06:57:40,2026-08-06 06:57:40,5.63,74.33
T000998,D0084,Mumbai,2026-08-16 05:04:53,2026-08-16 05:32:53,30.63,440.68
T000999,D0061,Lucknow,2026-08-20 21:58:30,2026-08-20 23:17:30,34.72,654.45
T001000,D0164,Hyderabad,2026-08-30 09:43:22,2026-08-30 10:14:22,29.51,
